address|kind
00413d00|body_hole
00413d00|label_in_hole
00415e50|fallthrough_to_unowned
004749a0|fallthrough_to_unowned
0047b2d0|body_hole
0047b2d0|label_in_hole
0047bb60|body_hole
0047bb60|label_in_hole
0047f740|fallthrough_to_unowned
0048d270|fallthrough_to_unowned
0048d4d0|body_hole
0049e6a0|body_hole
00503830|body_hole
00503830|label_in_hole
005421e0|body_hole
005421e0|label_in_hole
00549320|body_hole
00549320|label_in_hole
0054fc80|body_hole
0054fc80|label_in_hole
005e2700|fallthrough_to_unowned
005e717e|body_hole
005e71d6|body_hole
005e722f|body_hole
005e7690|body_hole
005e7ec0|body_hole
005e98b0|body_hole
005ea430|body_hole
005ed130|body_hole
005ed430|body_hole
005ed640|body_hole
005ed930|body_hole
005ed930|label_in_hole
005ed9e0|body_hole
005f75c0|body_hole
00604e5e|body_hole
006051b9|body_hole
00605f87|body_hole
006078c3|body_hole
0060a1c4|body_hole
0060d2c0|body_hole
00610ce5|body_hole
00611443|body_hole
0061160e|body_hole
0061207b|body_hole
006240b8|body_hole
