name|address|status|diffs
CDib::classCDib|0x694b48|WARN|8
CMainFrame::classCMainFrame|0x648628|WARN|9
CMcWindow::classCMcWindow|0x64b5d0|WARN|8
T2PictToggleButton::classT2PictToggleButton|0x662e78|WARN|8
T2PictureButton::classT2PictureButton|0x65e568|WARN|8
TAdmiral::classTAdmiral|0x65c330|WARN|8
TAdorner::classTAdorner|0x64bd90|WARN|8
TAlwaysPictureButton::classTAlwaysPictureButton|0x65e550|WARN|8
TAmbitApplication::classTAmbitApplication|0x64c0b8|WARN|7
TAmbitFileBasedDocument::classTAmbitFileBasedDocument|0x64c0d0|WARN|7
TAmtBar::classTAmtBar|0x662f80|WARN|8
TAmtBarCluster::classTAmtBarCluster|0x662f50|WARN|9
TAnimation::classTAnimation|0x64c1f0|WARN|8
TAnimator::classTAnimator|0x64c298|WARN|7
TApplication::classTApplication|0x648af8|WARN|8
TArmoryView::classTArmoryView|0x651338|WARN|9
TArmsForeignMinister::classTArmsForeignMinister|0x659b28|WARN|10
TArmyBattle::classTArmyBattle|0x669e18|WARN|9
TArmyBoyView::classTArmyBoyView|0x64dcb0|WARN|9
TArmyCheckBox::classTArmyCheckBox|0x64cb68|WARN|9
TArmyInfoView::classTArmyInfoView|0x663148|WARN|8
TArmyMgr::classTArmyMgr|0x64c828|WARN|8
TArmyPlacard::classTArmyPlacard|0x663088|WARN|8
TArmyPlayer::classTArmyPlayer|0x669488|WARN|9
TArmyStack::classTArmyStack|0x64c840|WARN|32
TArmyStackList::classTArmyStackList|0x64c858|WARN|7
TArmyTacUnit::classTArmyTacUnit|0x669e60|WARN|9
TArmyToolbar::classTArmyToolbar|0x6630d0|WARN|8
TArmyUnitLine::classTArmyUnitLine|0x64cb38|WARN|9
TArmyUnitView::classTArmyUnitView|0x64cb50|WARN|9
TArrowsControl::classTArrowsControl|0x662db8|WARN|9
TAssetMgr::classTAssetMgr|0x66f4c0|WARN|8
TAutoGreatPower::classTAutoGreatPower|0x653f90|WARN|9
TAutomatedPlayDialog::classTAutomatedPlayDialog|0x66b2c8|WARN|8
TBackgroundPicture::classTBackgroundPicture|0x660628|WARN|8
TBatRepDetLine::classTBatRepDetLine|0x64dd28|WARN|9
TBattleDetailBook::classTBattleDetailBook|0x64dc98|WARN|9
TBattleReportView::classTBattleReportView|0x64dc80|WARN|8
TBattleUnitsView::classTBattleUnitsView|0x64dd40|WARN|9
TBehavior::classTBehavior|0x648cf8|WARN|8
TBillForeignMinister::classTBillForeignMinister|0x659ac8|WARN|10
TBismarckMinister::classTBismarckMinister|0x654868|WARN|10
TBook::classTBook|0x65e170|WARN|9
TBoycottButton::classTBoycottButton|0x662e60|WARN|8
TBuildingConstructionView::classTBuildingConstructionView|0x651290|WARN|9
TBuildingExpansionView::classTBuildingExpansionView|0x651320|WARN|9
TBuildingView::classTBuildingView|0x651230|WARN|9
TBullyMinister::classTBullyMinister|0x6548b0|WARN|10
TButton::classTButton|0x649630|WARN|8
TCancelGameOptionsCommand::classTCancelGameOptionsCommand|0x65bf60|WARN|8
TCapacityOrder::classTCapacityOrder|0x64f440|WARN|9
TCheater::classTCheater|0x64ebe0|WARN|9
TCity::classTCity|0x64f338|WARN|8
TCityBarCluster::classTCityBarCluster|0x662f08|WARN|8
TCityInteriorMinister::classTCityInteriorMinister|0x6506c8|WARN|11
TCityProductionView::classTCityProductionView|0x64fb60|WARN|9
TCitySiteView::classTCitySiteView|0x6589e0|WARN|10
TCityTask::classTCityTask|0x66a8c8|WARN|10
TCivAnimation2::classTCivAnimation2|0x64c220|WARN|10
TCivAnimation::classTCivAnimation|0x64c208|WARN|10
TCivDescription::classTCivDescription|0x663118|WARN|9
TCivMgr::classTCivMgr|0x6531f8|WARN|9
TCivReport::classTCivReport|0x663130|WARN|9
TCivToolbar::classTCivToolbar|0x663100|WARN|9
TCivUnit::classTCivUnit|0x66ed58|WARN|8
TCivilianButton::classTCivilianButton|0x663040|WARN|10
TClickZone::classTClickZone|0x65e658|WARN|10
TClientGreatPower::classTClientGreatPower|0x65aff0|WARN|11
TCloseButton::classTCloseButton|0x662e90|WARN|9
TCloseParentButton::classTCloseParentButton|0x662ea8|WARN|9
TClosePicture::classTClosePicture|0x662f38|WARN|9
TCluster::classTCluster|0x6496c0|WARN|9
TColorFill::classTColorFill|0x656618|WARN|10
TColorKeyButton::classTColorKeyButton|0x65e628|WARN|10
TColorKeyPicture::classTColorKeyPicture|0x660640|WARN|10
TCombatReportView::classTCombatReportView|0x6630b8|WARN|9
TCommand::classTCommand|0x648e08|WARN|9
TCommandHandler::classTCommandHandler|0x648ae0|WARN|9
TCommodityLine::classTCommodityLine|0x66dcc0|WARN|10
TControl::classTControl|0x649600|WARN|9
TCouncilPanelView::classTCouncilPanelView|0x654ff0|WARN|10
TCouncilTickerAnimation::classTCouncilTickerAnimation|0x64c250|WARN|9
TCouncilView::classTCouncilView|0x655020|WARN|9
TCountingStream::classTCountingStream|0x6490f8|WARN|9
TCountry::classTCountry|0x653670|WARN|9
TCreditsPicture::classTCreditsPicture|0x65de88|WARN|9
TCtlMgr::classTCtlMgr|0x649618|WARN|9
TCzechBox::classTCzechBox|0x65e610|WARN|10
TDealBookPicture::classTDealBookPicture|0x66dbb8|WARN|10
TDealLine::classTDealLine|0x66dca8|WARN|10
TDealList::classTDealList|0x66d888|WARN|9
TDealTabControl::classTDealTabControl|0x66dbd0|WARN|10
TDefendProvinceMission::classTDefendProvinceMission|0x697a58|WARN|9
TDefenderMinister::classTDefenderMinister|0x654898|WARN|10
TDefenseMinister::classTDefenseMinister|0x654838|WARN|10
TDefenseMinisterView::classTDefenseMinisterView|0x654f00|WARN|10
TDeluxeText::classTDeluxeText|0x66c450|WARN|10
TDialogBehavior::classTDialogBehavior|0x648d10|WARN|9
TDialogView::classTDialogView|0x64bda8|WARN|9
TDipDlgCluster::classTDipDlgCluster|0x662e18|WARN|9
TDiplomacyMapView::classTDiplomacyMapView|0x654f48|WARN|9
TDiplomacyMgr::classTDiplomacyMgr|0x654cd0|WARN|9
TDiplomatForeignMinister::classTDiplomatForeignMinister|0x659ae0|WARN|10
TDisappearingButton::classTDisappearingButton|0x65c8b0|WARN|9
TDisplayMgr::classTDisplayMgr|0x656600|WARN|9
TDlgWindow::classTDlgWindow|0x656a48|WARN|9
TDocument::classTDocument|0x648a20|WARN|9
TDropShadowNumberText::classTDropShadowNumberText|0x66c420|WARN|9
TDropShadowText::classTDropShadowText|0x66c408|WARN|10
TDropShadowTextBehavior::classTDropShadowTextBehavior|0x64ea78|WARN|10
TEditText::classTEditText|0x649690|WARN|9
TEngineerDialog::classTEngineerDialog|0x651350|WARN|9
TEvenCityMinister::classTEvenCityMinister|0x650710|WARN|11
TEvent::classTEvent|0x649570|WARN|9
TEventHandler::classTEventHandler|0x649588|WARN|9
TExpansionOrder::classTExpansionOrder|0x64f458|WARN|8
TFileBasedDocument::classTFileBasedDocument|0x648a38|WARN|9
TFileStream::classTFileStream|0x6490e0|WARN|9
TFlagOptionsPicture::classTFlagOptionsPicture|0x65de10|WARN|9
TFloatWindow::classTFloatWindow|0x6496d8|WARN|9
TFoodProcessingOrder::classTFoodProcessingOrder|0x64f3f8|WARN|9
TForeignMinister::classTForeignMinister|0x659a98|WARN|20
TForeignMinisterView::classTForeignMinisterView|0x654ee8|WARN|10
TFrameRadioView::classTFrameRadioView|0x655050|WARN|9
TFuzzySet::classTFuzzySet|0x656958|WARN|9
TFuzzyVar::classTFuzzyVar|0x656940|WARN|9
TGPCheater::classTGPCheater|0x64ec10|WARN|10
TGPTreatyDialog::classTGPTreatyDialog|0x66b298|WARN|9
TGWorldButton::classTGWorldButton|0x65e640|WARN|10
TGWorldPartView::classTGWorldPartView|0x64dc50|WARN|10
TGWorldPeeker::classTGWorldPeeker|0x656630|WARN|10
TGameInfoPicture::classTGameInfoPicture|0x65de28|WARN|9
TGamePreferencesPicture::classTGamePreferencesPicture|0x65ddf8|WARN|10
TGameScorePicture::classTGameScorePicture|0x661a70|WARN|9
TGameSetupDialog::classTGameSetupDialog|0x66b220|WARN|9
TGameSetupMultiplayerPicture::classTGameSetupMultiplayerPicture|0x661998|WARN|9
TGameSetupPicture::classTGameSetupPicture|0x661980|WARN|9
TGameWindow::classTGameWindow|0x656a30|WARN|11
TGarrisonView::classTGarrisonView|0x64cb20|WARN|10
TGrantsView::classTGrantsView|0x654f90|WARN|10
TGreatPower::classTGreatPower|0x653688|WARN|46
THQButton::classTHQButton|0x663058|WARN|9
THandleStream::classTHandleStream|0x649110|WARN|9
THelpMgr::classTHelpMgr|0x656f68|WARN|10
THelpPicture::classTHelpPicture|0x656f80|WARN|10
THelpWindow::classTHelpWindow|0x656f98|WARN|9
THighScoresPicture::classTHighScoresPicture|0x661968|WARN|11
THostGreatPower::classTHostGreatPower|0x65afd8|WARN|11
THotspotBehavior::classTHotspotBehavior|0x64ea48|WARN|9
TIconBar::classTIconBar|0x657970|WARN|10
TIconSlider::classTIconSlider|0x657988|WARN|10
TIdleMeAnimation::classTIdleMeAnimation|0x64dc68|WARN|9
TIncludeView::classTIncludeView|0x6495d0|WARN|9
TIndexAndRankList::classTIndexAndRankList|0x659b58|WARN|9
TIndustryAmtBar::classTIndustryAmtBar|0x662fb0|WARN|9
TIndustryCluster::classTIndustryCluster|0x662f98|WARN|13
TIndustryView::classTIndustryView|0x6512f0|WARN|10
TInfoBarBehavior::classTInfoBarBehavior|0x64ea60|WARN|10
TInfoBarPictureText::classTInfoBarPictureText|0x66c438|WARN|10
TInfoBarText::classTInfoBarText|0x66c468|WARN|10
TInfoPanelView::classTInfoPanelView|0x654fd8|WARN|10
TInteriorMinister::classTInteriorMinister|0x6506b0|WARN|10
TInteriorMinisterView::classTInteriorMinisterView|0x654f18|WARN|10
TInterruptusView::classTInterruptusView|0x64dd10|WARN|10
TItemBoyView::classTItemBoyView|0x64dcf8|WARN|10
TItemOrder::classTItemOrder|0x64f368|WARN|9
TJoinSelectorDialog::classTJoinSelectorDialog|0x65c198|WARN|9
TLaborPool::classTLaborPool|0x64f320|WARN|10
TLandSaleEvent::classTLandSaleEvent|0x6536d0|WARN|10
TLanguageMgr::classTLanguageMgr|0x658560|WARN|9
TLineData::classTLineData|0x65e158|WARN|10
TList::classTList|0x648e80|WARN|9
TLoadSavePicture::classTLoadSavePicture|0x65de40|WARN|10
TLonelyTileView::classTLonelyTileView|0x656fe0|WARN|10
TLoungeDialog::classTLoungeDialog|0x65c180|WARN|10
TMacViewMgr::classTMacViewMgr|0x658610|WARN|9
TMadnessButton::classTMadnessButton|0x65c1b0|WARN|10
TMapDialog::classTMapDialog|0x658998|WARN|9
TMapEditCluster::classTMapEditCluster|0x66b238|WARN|9
TMapEditView::classTMapEditView|0x6589f8|WARN|10
TMapKey::classTMapKey|0x655038|WARN|10
TMapMgr::classTMapMgr|0x658788|WARN|9
TMapPreviewView::classTMapPreviewView|0x6619f8|WARN|10
TMapUberPicture::classTMapUberPicture|0x668c40|WARN|9
TMapUberUberPicture::classTMapUberUberPicture|0x668c28|WARN|9
TMegaPicture::classTMegaPicture|0x660658|WARN|10
TMerchantBoyView::classTMerchantBoyView|0x64dce0|WARN|10
TMilitaryPageView::classTMilitaryPageView|0x65c838|WARN|10
TMiniArmyLine::classTMiniArmyLine|0x64cb98|WARN|9
TMiniArmyView::classTMiniArmyView|0x64cbb0|WARN|10
TMiniCivLine::classTMiniCivLine|0x64cbe0|WARN|10
TMiniCivView::classTMiniCivView|0x64cbf8|WARN|10
TMiniMapView::classTMiniMapView|0x668c58|WARN|9
TMiniShipLine::classTMiniShipLine|0x65c928|WARN|10
TMiniShipView::classTMiniShipView|0x65c940|WARN|10
TMinister::classTMinister|0x659a80|WARN|10
TMinisterView::classTMinisterView|0x654ed0|WARN|10
TMinor::classTMinor|0x6536a0|WARN|10
TMinorRelationshipDialog::classTMinorRelationshipDialog|0x66b280|WARN|9
TMinorTradeBidsDialog::classTMinorTradeBidsDialog|0x66b250|WARN|9
TMinorTreatyDialog::classTMinorTreatyDialog|0x66b2b0|WARN|9
TMission::classTMission|0x697848|WARN|9
TModalMessageCommand::classTModalMessageCommand|0x66f2a8|WARN|9
TMovieView::classTMovieView|0x66f6e8|WARN|9
TMultiMessagePicture::classTMultiMessagePicture|0x65c1c8|WARN|9
TMultiplayerMgr::classTMultiplayerMgr|0x65bf78|WARN|9
TMyNumberText::classTMyNumberText|0x66c3a8|WARN|9
TMyStaticText::classTMyStaticText|0x66c3f0|WARN|9
TNapoleonMinister::classTNapoleonMinister|0x654850|WARN|10
TNavyAutoPlayer::classTNavyAutoPlayer|0x6694d0|WARN|10
TNavyBattle::classTNavyBattle|0x669e30|WARN|10
TNavyBoyView::classTNavyBoyView|0x64dcc8|WARN|10
TNavyHumanPlayer::classTNavyHumanPlayer|0x6694b8|WARN|10
TNavyMgr::classTNavyMgr|0x65c360|WARN|10
TNavyMission::classTNavyMission|0x697998|WARN|9
TNavyPlayer::classTNavyPlayer|0x6694a0|WARN|10
TNavyRoster::classTNavyRoster|0x65c850|WARN|10
TNavyTacUnit::classTNavyTacUnit|0x669e78|WARN|10
TNavyToolbarCluster::classTNavyToolbarCluster|0x65c8f8|WARN|9
TNetGameSelectPicture::classTNetGameSelectPicture|0x6619c8|WARN|9
TNetMgr::classTNetMgr|0x66f978|WARN|9
TNetSelectPicture::classTNetSelectPicture|0x6619b0|WARN|9
TNewGameCommand::classTNewGameCommand|0x64c0a0|WARN|9
TNewTownView::classTNewTownView|0x64fba8|WARN|10
TNewsMgr::classTNewsMgr|0x65c530|WARN|11
TNewspaperView::classTNewspaperView|0x65c548|WARN|10
TNextMoveCommand::classTNextMoveCommand|0x669e90|WARN|10
TNextTradeCommand::classTNextTradeCommand|0x66d8a0|WARN|9
TNoHilitePicture::classTNoHilitePicture|0x660610|WARN|9
TNoHiliteText::classTNoHiliteText|0x66c480|WARN|9
TNominationView::classTNominationView|0x655008|WARN|9
TNumberText::classTNumberText|0x6496a8|WARN|9
TNumberedArrowButton::classTNumberedArrowButton|0x6630a0|WARN|9
TNumberedIcon::classTNumberedIcon|0x6579b8|WARN|10
TNumberedItem::classTNumberedItem|0x6579d0|WARN|9
TObject::classTObject|0x694eb8|WARN|9
TOcean::classTOcean|0x65c630|WARN|10
TOceanDialog::classTOceanDialog|0x65c898|WARN|10
TOffLimitsPicture::classTOffLimitsPicture|0x660670|WARN|9
TOfferDeskPicture::classTOfferDeskPicture|0x66dc90|WARN|10
TOffersPanelView::classTOffersPanelView|0x654fc0|WARN|9
TOnOffRadioButton::classTOnOffRadioButton|0x65e5f8|WARN|10
TOrItemOrder::classTOrItemOrder|0x64f380|WARN|9
TOrderView::classTOrderView|0x6579a0|WARN|10
TOverlayRadioButton::classTOverlayRadioButton|0x6512a8|WARN|9
TPageCorner::classTPageCorner|0x65e188|WARN|10
TPageView::classTPageView|0x65e1a0|WARN|9
TPanelView::classTPanelView|0x654f60|WARN|10
TPicture::classTPicture|0x649660|WARN|9
TPictureButton::classTPictureButton|0x65e538|WARN|9
TPictureLine::classTPictureLine|0x65e1b8|WARN|10
TPictureNumberText::classTPictureNumberText|0x66c3c0|WARN|9
TPictureRadioButton::classTPictureRadioButton|0x65e580|WARN|9
TPictureText::classTPictureText|0x66c3d8|WARN|9
TPirateMinister::classTPirateMinister|0x654880|WARN|10
TPlacard::classTPlacard|0x663070|WARN|9
TPlaceCityDialog::classTPlaceCityDialog|0x651368|WARN|10
TPopGrowthOrder::classTPopGrowthOrder|0x64f410|WARN|9
TPopulationMgr::classTPopulationMgr|0x64f398|WARN|10
TPortZone::classTPortZone|0x65c618|WARN|9
TPoseMessageDialog::classTPoseMessageDialog|0x65bf90|WARN|10
TPowerPlantOrder::classTPowerPlantOrder|0x64f3e0|WARN|10
TProductionCluster::classTProductionCluster|0x662f20|WARN|9
TProductionOrder::classTProductionOrder|0x64f350|WARN|9
TProvinceDesirabilityList::classTProvinceDesirabilityList|0x653658|WARN|9
TProxyGreatPower::classTProxyGreatPower|0x65afc0|WARN|11
TPtrList::classTPtrList|0x648eb0|WARN|9
TPurchaseCluster::classTPurchaseCluster|0x6512d8|WARN|10
TQueryFloater::classTQueryFloater|0x65de70|WARN|9
TRadio::classTRadio|0x649648|WARN|9
TRadioPictureButton::classTRadioPictureButton|0x65e5e0|WARN|9
TRadioText::classTRadioText|0x661a10|WARN|10
TRadioTextCluster::classTRadioTextCluster|0x661a28|WARN|10
TRailCityMinister::classTRailCityMinister|0x650728|WARN|11
TRailCluster::classTRailCluster|0x662fc8|WARN|13
TRailheadDialog::classTRailheadDialog|0x64fb78|WARN|10
TRearFloatWindow::classTRearFloatWindow|0x654f30|WARN|9
TRelationshipDialog::classTRelationshipDialog|0x66b268|WARN|9
TRemoteGreatPower::classTRemoteGreatPower|0x65b008|WARN|11
TRemoteMinor::classTRemoteMinor|0x65b020|WARN|9
TRightLeftView::classTRightLeftView|0x662e00|WARN|9
TScenarioChooser::classTScenarioChooser|0x661a40|WARN|11
TScoreGraph::classTScoreGraph|0x655068|WARN|9
TScrollBarView::classTScrollBarView|0x661460|WARN|10
TScrollView::classTScrollView|0x661448|WARN|10
TScroller::classTScroller|0x6495b8|WARN|9
TScrollerButton::classTScrollerButton|0x661478|WARN|9
TSelectoText::classTSelectoText|0x661a88|WARN|9
TSetupRandomMapPicture::classTSetupRandomMapPicture|0x6619e0|WARN|10
TShip::classTShip|0x65c318|WARN|9
TShipBuilderCityMinister::classTShipBuilderCityMinister|0x6506f8|WARN|11
TShipBuildingTask::classTShipBuildingTask|0x66a8e0|WARN|10
TShipFractionCluster::classTShipFractionCluster|0x65c8c8|WARN|10
TShipLine::classTShipLine|0x65c868|WARN|10
TShipOrder::classTShipOrder|0x64f428|WARN|9
TShipPlacard::classTShipPlacard|0x65c8e0|WARN|9
TShipView::classTShipView|0x65c880|WARN|10
TShipyardCluster::classTShipyardCluster|0x662ff8|WARN|9
TShipyardView::classTShipyardView|0x651278|WARN|10
TSidewaysArrow::classTSidewaysArrow|0x662dd0|WARN|9
TSimMgr::classTSimMgr|0x662960|WARN|9
TSliderPicture::classTSliderPicture|0x660688|WARN|9
TSortByPriceList::classTSortByPriceList|0x659b40|WARN|9
TSortedByRelationshipList::classTSortedByRelationshipList|0x654cb8|WARN|9
TSortedList::classTSortedList|0x648e68|WARN|9
TSortedPtrList::classTSortedPtrList|0x648e98|WARN|9
TSoundPlayer::classTSoundPlayer|0x668a18|WARN|11
TSpaceCommand::classTSpaceCommand|0x661950|WARN|9
TSpecialQuitPicture::classTSpecialQuitPicture|0x66b2e0|WARN|10
TStaticText::classTStaticText|0x649678|WARN|9
TStatusButton::classTStatusButton|0x662ef0|WARN|9
TStatusPicture::classTStatusPicture|0x668b90|WARN|9
TSteelCityMinister::classTSteelCityMinister|0x6506e0|WARN|11
TStratReportView::classTStratReportView|0x6630e8|WARN|9
TStream::classTStream|0x6490c8|WARN|9
TSuperArmyRoster::classTSuperArmyRoster|0x64cb80|WARN|10
TSuperCivRoster::classTSuperCivRoster|0x64cbc8|WARN|9
TSuperNavyRoster::classTSuperNavyRoster|0x65c910|WARN|10
TSwapperDaddyView::classTSwapperDaddyView|0x64dc38|WARN|10
TTEView::classTTEView|0x648a08|WARN|10
TTacArmyView::classTTacArmyView|0x66a298|WARN|10
TTacMapUberPicture::classTTacMapUberPicture|0x66a2e0|WARN|10
TTacNavyToolbar::classTTacNavyToolbar|0x66a2c8|WARN|9
TTacticalAdiosPicture::classTTacticalAdiosPicture|0x66a2f8|WARN|9
TTacticalBattle::classTTacticalBattle|0x669e00|WARN|10
TTacticalBattleView::classTTacticalBattleView|0x66a280|WARN|10
TTacticalHolaPicture::classTTacticalHolaPicture|0x66a310|WARN|9
TTacticalPlayer::classTTacticalPlayer|0x669470|WARN|10
TTacticalToolbar::classTTacticalToolbar|0x66a2b0|WARN|10
TTacticalUnit::classTTacticalUnit|0x669e48|WARN|10
TTask::classTTask|0x66a8b0|WARN|10
TTaskForce::classTTaskForce|0x65c348|WARN|9
TTaskList::classTTaskList|0x66a8f8|WARN|9
TTechCheater::classTTechCheater|0x64ebf8|WARN|10
TTechHistoryView::classTTechHistoryView|0x66ae58|WARN|9
TTechItemLine::classTTechItemLine|0x66ae28|WARN|10
TTechItemView::classTTechItemView|0x66ae40|WARN|10
TTechMgr::classTTechMgr|0x66ac98|WARN|11
TTechStorePage::classTTechStorePage|0x66ae10|WARN|9
TTedForeignMinister::classTTedForeignMinister|0x659ab0|WARN|10
TTerrainHelpPicture::classTTerrainHelpPicture|0x656fc8|WARN|10
TTerrainHelpWindow::classTTerrainHelpWindow|0x656fb0|WARN|9
TTerrainInfoDialog::classTTerrainInfoDialog|0x6589b0|WARN|9
TTextLine::classTTextLine|0x65e1d0|WARN|10
TTextList::classTTextList|0x661a58|WARN|9
TTextPictureButton::classTTextPictureButton|0x65e670|WARN|10
TTextileForeignMinister::classTTextileForeignMinister|0x659af8|WARN|10
TToggleButton::classTToggleButton|0x65e598|WARN|9
TToolBarCluster::classTToolBarCluster|0x662ec0|WARN|9
TTown::classTTown|0x66d780|WARN|9
TTownNameDialog::classTTownNameDialog|0x6589c8|WARN|9
TTradeBidNationLine::classTTradeBidNationLine|0x66dc48|WARN|10
TTradeBidNationView::classTTradeBidNationView|0x66dc60|WARN|10
TTradeBookView::classTTradeBookView|0x66dc78|WARN|10
TTradeCluster::classTTradeCluster|0x662f68|WARN|13
TTradeOfferNationLine::classTTradeOfferNationLine|0x66dc00|WARN|10
TTradeOfferNationView::classTTradeOfferNationView|0x66dc18|WARN|9
TTradeOrderPicture::classTTradeOrderPicture|0x662e48|WARN|9
TTradePageBuyView::classTTradePageBuyView|0x66dc30|WARN|10
TTradePageSellView::classTTradePageSellView|0x66dbe8|WARN|10
TTradePanelView::classTTradePanelView|0x654fa8|WARN|10
TTradePolicyCluster::classTTradePolicyCluster|0x662e30|WARN|9
TTradeSchoolView::classTTradeSchoolView|0x651308|WARN|10
TTradeScreenPicture::classTTradeScreenPicture|0x66dba0|WARN|9
TTradeTotalsLine::classTTradeTotalsLine|0x66dcd8|WARN|10
TTradeTotalsView::classTTradeTotalsView|0x66dcf0|WARN|10
TTraderAmtBar::classTTraderAmtBar|0x663028|WARN|9
TTraderForeignMinister::classTTraderForeignMinister|0x659b10|WARN|10
TTrainingOrder::classTTrainingOrder|0x64f3b0|WARN|9
TTransportPicture::classTTransportPicture|0x663160|WARN|9
TTransportView::classTTransportView|0x64fb90|WARN|10
TTreatiesView::classTTreatiesView|0x654f78|WARN|10
TTurnStartEvent::classTTurnStartEvent|0x6536b8|WARN|10
TUberCluster::classTUberCluster|0x65e5b0|WARN|9
TUnit::classTUnit|0x66ed40|WARN|9
TUnitOrder::classTUnitOrder|0x64f3c8|WARN|9
TUnitToolbarCluster::classTUnitToolbarCluster|0x662ed8|WARN|9
TUnitsView::classTUnitsView|0x651260|WARN|10
TUniversityView::classTUniversityView|0x6512c0|WARN|10
TUpDownPictureButton::classTUpDownPictureButton|0x65e5c8|WARN|9
TUpDownView::classTUpDownView|0x662de8|WARN|10
TView::classTView|0x6495a0|WARN|9
TViewMgr::classTViewMgr|0x66f0b8|WARN|76
TWarehouseView::classTWarehouseView|0x651248|WARN|11
TWarningView::classTWarningView|0x663178|WARN|9
TWindow::classTWindow|0x6495e8|WARN|8
TWorldView::classTWorldView|0x668c10|WARN|9
TZone::classTZone|0x65c600|WARN|9
afxDataNil|0x69be08|WARN|3
g_Compute_Advisory_Zero_00653FD0|0x653fd0|WARN|2
g_DAT_006533b0_Value_006533B0|0x6533b0|WARN|32
g_DAT_006533d0_Value_006533D0|0x6533d0|WARN|32
g_DAT_006533e8_Value_006533E8|0x6533e8|WARN|32
g_DAT_006966d0_Value_006966D0|0x6966d0|WARN|32
g_DAT_Value_00653308|0x653308|WARN|32
g_DAT_Value_00653328|0x653328|WARN|32
g_DAT_Value_00653340|0x653340|WARN|32
g_DAT_Value_00653360|0x653360|WARN|32
g_DAT_Value_00653378|0x653378|WARN|32
g_DAT_Value_00653398|0x653398|WARN|32
g_DAT_Value_00653408|0x653408|WARN|32
g_Populate_Beachhead_Mission_LookupTable_00697958|0x697958|WARN|32
g_Rebuild_Primary_Nation_Value_00653570|0x653570|WARN|276
g_Recompute_Nation_Order_LookupTable_00697870|0x697870|WARN|32
g_Render_Nation_Header_Value_006961E0|0x6961e0|WARN|24
g_Render_Nation_Header_Value_006961F8|0x6961f8|WARN|24
g_Render_Nation_Header_Value_00696210|0x696210|WARN|24
g_Render_Nation_Header_Value_00696228|0x696228|WARN|24
g_UnitTypeMilitaryStatTable_00695CD2|0x695cd2|WARN|896
g_abResourceTypeUsesHighNibbleFlag|0x696df8|WARN|1
g_adwEngineerRailBuildCostByTerrainType|0x6531d8|WARN|64
g_anResourceTypeRequiredOrderType|0x696ed8|WARN|8
g_anScenarioNationSetupTable_00698B1A|0x698b1a|WARN|43
g_apFontFiles|0x694150|WARN|12
g_awEngineerFortBuildCostByLevel|0x65318a|WARN|16
g_awTileSpriteVariantOffsetTable3b|0x697000|WARN|16
g_nationMetricSlotDispatchOrder006d810|0x66d810|WARN|36
g_pActiveQuickDrawSurfaceContextHead|0x6950f8|WARN|5
g_pRegistryAppKey_0063E03C|0x63e03c|WARN|3
g_pRegistryAutoResKey_0063E048|0x63e048|WARN|3
g_pRegistryCompanyKey_0063E038|0x63e038|WARN|3
g_pRegistryLanguageKey_0063E04C|0x63e04c|WARN|3
g_pRegistryProfileAppName_0063E050|0x63e050|WARN|3
g_pRegistrySettingsSectionAlt_0063E044|0x63e044|WARN|3
g_pRegistrySettingsSection_0063E040|0x63e040|WARN|3
g_szDecimalFormat|0x69430c|WARN|4
g_szUiFontLiteralPalatino|0x696b6c|WARN|4
s_Data_scores_dat_0069b7fc|0x69b7fc|WARN|1
s_GameName_00698010|0x698010|WARN|4
s_OutOfMemoryText_006941F0|0x6941f0|WARN|4
s_ProfileKeyLanguage_006941B8|0x6941b8|WARN|4
s_ProfileSectionSettings_006941D0|0x6941d0|WARN|4
s_mcflavor_00695794|0x695794|WARN|4
s_mcflavor_00696674|0x696674|WARN|4
s_mcflavor_00696d10|0x696d10|WARN|4
s_mcflavor_00697238|0x697238|WARN|4
s_mcflavor_006976e0|0x6976e0|WARN|4
s_mcflavor_00698720|0x698720|WARN|4
s_mcflavor_0069872c|0x69872c|WARN|4
s_mcflavor_00698b0c|0x698b0c|WARN|4
s_mcflavor_0069ab00|0x69ab00|WARN|4
s_mcflavor_0069ab04|0x69ab04|WARN|4
s_mcflavor_0069ab08|0x69ab08|WARN|4
s_mcflavor_0069ab0c|0x69ab0c|WARN|4
s_mcflavor_0069ab10|0x69ab10|WARN|4
s_mcflavor_0069ab14|0x69ab14|WARN|4
s_mcflavor_0069ab18|0x69ab18|WARN|4
s_mcflavor_0069ab1c|0x69ab1c|WARN|4
s_mcflavor_0069ab20|0x69ab20|WARN|4
s_mcflavor_0069ab24|0x69ab24|WARN|4
s_mcflavor_0069ab28|0x69ab28|WARN|4
s_mcflavor_0069ab2c|0x69ab2c|WARN|4
s_mcflavor_0069ab30|0x69ab30|WARN|4
s_mcflavor_0069ab34|0x69ab34|WARN|4
s_mcflavor_0069ab38|0x69ab38|WARN|4
s_mcflavor_0069ab3c|0x69ab3c|WARN|4
s_mcflavor_0069ab40|0x69ab40|WARN|4
s_mcflavor_0069ab44|0x69ab44|WARN|4
s_mcflavor_0069ab48|0x69ab48|WARN|4
s_mcflavor_0069ab4c|0x69ab4c|WARN|4
s_mcflavor_0069ab50|0x69ab50|WARN|4
s_mcflavor_0069ab54|0x69ab54|WARN|4
s_mcflavor_0069ab58|0x69ab58|WARN|4
s_mcflavor_0069ab5c|0x69ab5c|WARN|4
s_mcflavor_0069ab60|0x69ab60|WARN|4
s_mcflavor_0069ab64|0x69ab64|WARN|4
s_mcflavor_0069ab68|0x69ab68|WARN|4
s_mcflavor_0069ab6c|0x69ab6c|WARN|4
s_mcflavor_0069ab70|0x69ab70|WARN|4
s_mcflavor_0069ab74|0x69ab74|WARN|4
s_mcflavor_0069ab78|0x69ab78|WARN|4
s_mcflavor_0069ab7c|0x69ab7c|WARN|4
s_mcflavor_0069ab80|0x69ab80|WARN|4
s_mcflavor_0069ab84|0x69ab84|WARN|4
s_mcflavor_0069ab88|0x69ab88|WARN|4
s_mcflavor_0069ab8c|0x69ab8c|WARN|4
s_mcflavor_0069ab90|0x69ab90|WARN|4
s_mcflavor_0069ab94|0x69ab94|WARN|4
s_mcflavor_0069ab98|0x69ab98|WARN|4
s_mcflavor_0069ab9c|0x69ab9c|WARN|4
s_mcflavor_0069aba0|0x69aba0|WARN|4
s_mcflavor_0069aba4|0x69aba4|WARN|4
s_mcflavor_0069aba8|0x69aba8|WARN|4
s_mcflavor_0069abac|0x69abac|WARN|4
s_mcflavor_0069abb0|0x69abb0|WARN|4
s_mcflavor_0069abb4|0x69abb4|WARN|4
s_mcflavor_0069abb8|0x69abb8|WARN|4
s_mcflavor_0069abbc|0x69abbc|WARN|4
s_mcflavor_0069abc0|0x69abc0|WARN|4
s_mcflavor_0069abc4|0x69abc4|WARN|4
s_mcflavor_0069abcc|0x69abcc|WARN|4
s_mcflavor_0069abd0|0x69abd0|WARN|4
s_mcflavor_0069abd4|0x69abd4|WARN|4
s_mcflavor_0069abd8|0x69abd8|WARN|4
s_mcflavor_0069abdc|0x69abdc|WARN|4
s_mcflavor_0069abe0|0x69abe0|WARN|4
s_mcflavor_0069abe4|0x69abe4|WARN|4
s_mcflavor_0069abe8|0x69abe8|WARN|4
s_mcflavor_0069abec|0x69abec|WARN|4
s_mcflavor_0069abf0|0x69abf0|WARN|4
s_mcflavor_0069abf4|0x69abf4|WARN|4
s_mcflavor_0069abf8|0x69abf8|WARN|4
s_mcflavor_0069abfc|0x69abfc|WARN|4
s_mcflavor_0069ac00|0x69ac00|WARN|4
s_mcflavor_0069ac04|0x69ac04|WARN|4
s_mcflavor_0069ac08|0x69ac08|WARN|4
s_mcflavor_0069ac0c|0x69ac0c|WARN|4
s_mcflavor_0069ac10|0x69ac10|WARN|4
s_mcflavor_0069ac14|0x69ac14|WARN|4
s_mcflavor_0069ac18|0x69ac18|WARN|4
s_mcflavor_0069ac1c|0x69ac1c|WARN|4
s_mcflavor_0069ac20|0x69ac20|WARN|4
s_mcflavor_0069ac24|0x69ac24|WARN|4
s_mcflavor_0069ac28|0x69ac28|WARN|4
s_mcflavor_0069ac2c|0x69ac2c|WARN|4
s_mcflavor_0069ac30|0x69ac30|WARN|4
s_mcflavor_0069ac38|0x69ac38|WARN|4
s_mcflavor_0069ac3c|0x69ac3c|WARN|4
s_mcflavor_0069ac40|0x69ac40|WARN|4
s_mcflavor_0069ac44|0x69ac44|WARN|4
s_mcflavor_0069ac48|0x69ac48|WARN|4
s_mcflavor_0069ac4c|0x69ac4c|WARN|4
s_mcflavor_0069ac50|0x69ac50|WARN|4
s_mcflavor_0069ac54|0x69ac54|WARN|4
s_mcflavor_0069ac58|0x69ac58|WARN|4
s_mcflavor_0069ac5c|0x69ac5c|WARN|4
s_mcflavor_0069ac60|0x69ac60|WARN|4
s_mcflavor_0069ac6c|0x69ac6c|WARN|4
s_mcflavor_0069ac74|0x69ac74|WARN|4
s_mcflavor_0069ac80|0x69ac80|WARN|4
s_mcflavor_0069ac88|0x69ac88|WARN|4
s_mcflavor_0069ac90|0x69ac90|WARN|4
s_mcflavor_0069ac98|0x69ac98|WARN|4
s_mcflavor_0069ac9c|0x69ac9c|WARN|4
s_mcflavor_0069aca0|0x69aca0|WARN|4
s_mcflavor_0069aca4|0x69aca4|WARN|4
s_mcflavor_0069aca8|0x69aca8|WARN|4
s_mcflavor_0069acac|0x69acac|WARN|4
s_mcflavor_0069acb0|0x69acb0|WARN|4
s_mcflavor_0069acb4|0x69acb4|WARN|4
s_mcflavor_0069acb8|0x69acb8|WARN|4
s_mcflavor_0069acbc|0x69acbc|WARN|4
s_mcflavor_0069acc0|0x69acc0|WARN|4
s_mcflavor_0069acc4|0x69acc4|WARN|4
s_mcflavor_0069acc8|0x69acc8|WARN|4
s_mcflavor_0069accc|0x69accc|WARN|4
s_mcflavor_0069acd0|0x69acd0|WARN|4
s_mcflavor_0069acd4|0x69acd4|WARN|4
s_mcflavor_0069acd8|0x69acd8|WARN|4
s_mcflavor_0069acdc|0x69acdc|WARN|4
s_mcflavor_0069ace0|0x69ace0|WARN|4
s_mcflavor_0069ace4|0x69ace4|WARN|4
s_mcflavor_0069ace8|0x69ace8|WARN|4
s_mcflavor_0069acec|0x69acec|WARN|4
s_mcflavor_0069acf0|0x69acf0|WARN|4
s_mcflavor_0069acf4|0x69acf4|WARN|4
s_mcflavor_0069acf8|0x69acf8|WARN|4
s_mcflavor_0069acfc|0x69acfc|WARN|4
s_mcflavor_0069ad00|0x69ad00|WARN|4
s_mcflavor_0069ad04|0x69ad04|WARN|4
s_mcflavor_0069ad0c|0x69ad0c|WARN|4
s_mcflavor_0069ad14|0x69ad14|WARN|4
s_mcflavor_0069ad20|0x69ad20|WARN|4
s_mcflavor_0069ad24|0x69ad24|WARN|4
s_mcflavor_0069ad28|0x69ad28|WARN|4
s_mcflavor_0069ad2c|0x69ad2c|WARN|4
s_mcflavor_0069ad30|0x69ad30|WARN|4
s_mcflavor_0069ad34|0x69ad34|WARN|4
s_mcflavor_0069ad38|0x69ad38|WARN|4
s_mcflavor_0069ad3c|0x69ad3c|WARN|4
s_mcflavor_0069ad40|0x69ad40|WARN|4
s_mcflavor_0069ad44|0x69ad44|WARN|4
s_mcflavor_0069ad48|0x69ad48|WARN|4
s_mcflavor_0069ad4c|0x69ad4c|WARN|4
s_mcflavor_0069ad50|0x69ad50|WARN|4
s_mcflavor_0069ad54|0x69ad54|WARN|4
s_mcflavor_0069ad58|0x69ad58|WARN|4
s_mcflavor_0069ad60|0x69ad60|WARN|4
s_mcflavor_0069ad68|0x69ad68|WARN|4
s_mcflavor_0069ad70|0x69ad70|WARN|4
s_mcflavor_0069ad78|0x69ad78|WARN|4
s_mcflavor_0069ad84|0x69ad84|WARN|4
s_mcflavor_0069ad8c|0x69ad8c|WARN|4
s_mcflavor_0069ad90|0x69ad90|WARN|4
s_mcflavor_0069ad94|0x69ad94|WARN|4
s_mcflavor_0069ad98|0x69ad98|WARN|4
s_mcflavor_0069ad9c|0x69ad9c|WARN|4
s_mcflavor_0069ada0|0x69ada0|WARN|4
s_mcflavor_0069ada4|0x69ada4|WARN|4
s_mcflavor_0069ada8|0x69ada8|WARN|4
s_mcflavor_0069adac|0x69adac|WARN|4
s_mcflavor_0069adb0|0x69adb0|WARN|4
s_mcflavor_0069adb4|0x69adb4|WARN|4
s_mcflavor_0069adb8|0x69adb8|WARN|4
s_mcflavor_0069adbc|0x69adbc|WARN|4
s_mcflavor_0069adc0|0x69adc0|WARN|4
s_mcflavor_0069adc4|0x69adc4|WARN|4
s_mcflavor_0069adc8|0x69adc8|WARN|4
s_mcflavor_0069adcc|0x69adcc|WARN|4
s_mcflavor_0069add0|0x69add0|WARN|4
s_mcflavor_0069add4|0x69add4|WARN|4
s_mcflavor_0069add8|0x69add8|WARN|4
s_mcflavor_0069addc|0x69addc|WARN|4
s_mcflavor_0069ade0|0x69ade0|WARN|4
s_mcflavor_0069ade4|0x69ade4|WARN|4
s_mcflavor_0069ade8|0x69ade8|WARN|4
s_mcflavor_0069adec|0x69adec|WARN|4
s_mcflavor_0069adf0|0x69adf0|WARN|4
s_mcflavor_0069adf4|0x69adf4|WARN|4
s_mcflavor_0069adf8|0x69adf8|WARN|4
s_mcflavor_0069adfc|0x69adfc|WARN|4
s_mcflavor_0069ae00|0x69ae00|WARN|4
s_mcflavor_0069ae04|0x69ae04|WARN|4
s_mcflavor_0069ae08|0x69ae08|WARN|4
s_mcflavor_0069ae0c|0x69ae0c|WARN|4
s_mcflavor_0069ae10|0x69ae10|WARN|4
s_mcflavor_0069ae14|0x69ae14|WARN|4
s_mcflavor_0069ae18|0x69ae18|WARN|4
s_mcflavor_0069ae24|0x69ae24|WARN|4
s_mcflavor_0069ae30|0x69ae30|WARN|4
s_mcflavor_0069ae34|0x69ae34|WARN|4
s_mcflavor_0069ae38|0x69ae38|WARN|4
s_mcflavor_0069ae3c|0x69ae3c|WARN|4
s_mcflavor_0069ae40|0x69ae40|WARN|4
s_mcflavor_0069ae44|0x69ae44|WARN|4
s_mcflavor_0069ae48|0x69ae48|WARN|4
s_mcflavor_0069ae4c|0x69ae4c|WARN|4
s_mcflavor_0069ae50|0x69ae50|WARN|4
s_mcflavor_0069ae54|0x69ae54|WARN|4
s_mcflavor_0069ae58|0x69ae58|WARN|4
s_mcflavor_0069ae5c|0x69ae5c|WARN|4
s_mcflavor_0069ae60|0x69ae60|WARN|4
s_mcflavor_0069ae64|0x69ae64|WARN|4
s_mcflavor_0069ae68|0x69ae68|WARN|4
s_mcflavor_0069ae6c|0x69ae6c|WARN|4
s_mcflavor_0069ae70|0x69ae70|WARN|4
s_mcflavor_0069ae74|0x69ae74|WARN|4
s_mcflavor_0069ae78|0x69ae78|WARN|4
s_mcflavor_0069ae7c|0x69ae7c|WARN|4
s_mcflavor_0069ae80|0x69ae80|WARN|4
s_mcflavor_0069ae84|0x69ae84|WARN|4
s_mcflavor_0069ae88|0x69ae88|WARN|4
s_mcflavor_0069ae90|0x69ae90|WARN|4
s_mcflavor_0069ae94|0x69ae94|WARN|4
s_mcflavor_0069ae98|0x69ae98|WARN|4
s_mcflavor_0069aea0|0x69aea0|WARN|4
s_mcflavor_0069aea8|0x69aea8|WARN|4
s_mcflavor_0069aeac|0x69aeac|WARN|4
s_mcflavor_0069aeb4|0x69aeb4|WARN|4
s_mcflavor_0069aeb8|0x69aeb8|WARN|4
s_mcflavor_0069aebc|0x69aebc|WARN|4
s_mcflavor_0069aec0|0x69aec0|WARN|4
s_mcflavor_0069aec4|0x69aec4|WARN|4
s_mcflavor_0069aec8|0x69aec8|WARN|4
s_mcflavor_0069aecc|0x69aecc|WARN|4
s_mcflavor_0069aed0|0x69aed0|WARN|4
s_mcflavor_0069aed4|0x69aed4|WARN|4
s_mcflavor_0069aed8|0x69aed8|WARN|4
s_mcflavor_0069aedc|0x69aedc|WARN|4
s_mcflavor_0069aee0|0x69aee0|WARN|4
s_mcflavor_0069aee4|0x69aee4|WARN|4
s_mcflavor_0069aeec|0x69aeec|WARN|4
s_mcflavor_0069aef8|0x69aef8|WARN|4
s_mcflavor_0069af00|0x69af00|WARN|4
s_mcflavor_0069af08|0x69af08|WARN|4
s_mcflavor_0069af0c|0x69af0c|WARN|4
s_mcflavor_0069af18|0x69af18|WARN|4
s_mcflavor_0069af1c|0x69af1c|WARN|4
s_mcflavor_0069af20|0x69af20|WARN|4
s_mcflavor_0069af24|0x69af24|WARN|4
s_mcflavor_0069af28|0x69af28|WARN|4
s_mcflavor_0069af2c|0x69af2c|WARN|4
s_mcflavor_0069af30|0x69af30|WARN|4
s_mcflavor_0069af34|0x69af34|WARN|4
s_mcflavor_0069af38|0x69af38|WARN|4
s_mcflavor_0069af3c|0x69af3c|WARN|4
s_mcflavor_0069af40|0x69af40|WARN|4
s_mcflavor_0069af44|0x69af44|WARN|4
s_mcflavor_0069af48|0x69af48|WARN|4
s_mcflavor_0069af4c|0x69af4c|WARN|4
s_mcflavor_0069af50|0x69af50|WARN|4
s_mcflavor_0069af54|0x69af54|WARN|4
s_mcflavor_0069af58|0x69af58|WARN|4
s_mcflavor_0069af5c|0x69af5c|WARN|4
s_mcflavor_0069af60|0x69af60|WARN|4
s_mcflavor_0069af64|0x69af64|WARN|4
s_mcflavor_0069af68|0x69af68|WARN|4
s_mcflavor_0069af6c|0x69af6c|WARN|4
s_mcflavor_0069af70|0x69af70|WARN|4
s_mcflavor_0069af74|0x69af74|WARN|4
s_mcflavor_0069af78|0x69af78|WARN|4
s_mcflavor_0069af7c|0x69af7c|WARN|4
s_mcflavor_0069af80|0x69af80|WARN|4
s_mcflavor_0069af84|0x69af84|WARN|4
s_mcflavor_0069af88|0x69af88|WARN|4
s_mcflavor_0069af8c|0x69af8c|WARN|4
s_mcflavor_0069af90|0x69af90|WARN|4
s_mcflavor_0069af94|0x69af94|WARN|4
s_mcflavor_0069af98|0x69af98|WARN|4
s_mcflavor_0069af9c|0x69af9c|WARN|4
s_mcflavor_0069afa0|0x69afa0|WARN|4
s_mcflavor_0069afb0|0x69afb0|WARN|4
s_mcflavor_0069afc0|0x69afc0|WARN|4
s_mcflavor_0069afd0|0x69afd0|WARN|4
s_mcflavor_0069afdc|0x69afdc|WARN|4
s_mcflavor_0069afec|0x69afec|WARN|4
s_mcflavor_0069aff4|0x69aff4|WARN|4
s_mcflavor_0069b004|0x69b004|WARN|4
s_mcflavor_0069b010|0x69b010|WARN|4
s_mcflavor_0069b01c|0x69b01c|WARN|4
s_mcflavor_0069b020|0x69b020|WARN|4
s_mcflavor_0069b024|0x69b024|WARN|4
s_mcflavor_0069b028|0x69b028|WARN|4
s_mcflavor_0069b02c|0x69b02c|WARN|4
s_mcflavor_0069b030|0x69b030|WARN|4
s_mcflavor_0069b034|0x69b034|WARN|4
s_mcflavor_0069b038|0x69b038|WARN|4
s_mcflavor_0069b03c|0x69b03c|WARN|4
s_mcflavor_0069b040|0x69b040|WARN|4
s_mcflavor_0069b044|0x69b044|WARN|4
s_mcflavor_0069b048|0x69b048|WARN|4
s_mcflavor_0069b04c|0x69b04c|WARN|4
s_mcflavor_0069b050|0x69b050|WARN|4
s_mcflavor_0069b054|0x69b054|WARN|4
s_mcflavor_0069b058|0x69b058|WARN|4
s_mcflavor_0069b05c|0x69b05c|WARN|4
s_mcflavor_0069b060|0x69b060|WARN|4
s_mcflavor_0069b064|0x69b064|WARN|4
s_mcflavor_0069b068|0x69b068|WARN|4
s_mcflavor_0069b06c|0x69b06c|WARN|4
s_mcflavor_0069b070|0x69b070|WARN|4
s_mcflavor_0069b078|0x69b078|WARN|4
s_mcflavor_0069b07c|0x69b07c|WARN|4
s_mcflavor_0069b084|0x69b084|WARN|4
s_mcflavor_0069b088|0x69b088|WARN|4
s_mcflavor_0069b08c|0x69b08c|WARN|4
s_mcflavor_0069b090|0x69b090|WARN|4
s_mcflavor_0069b098|0x69b098|WARN|4
s_mcflavor_0069b09c|0x69b09c|WARN|4
s_mcflavor_0069b0a0|0x69b0a0|WARN|4
s_mcflavor_0069b0a4|0x69b0a4|WARN|4
s_mcflavor_0069b0a8|0x69b0a8|WARN|4
s_mcflavor_0069b0ac|0x69b0ac|WARN|4
s_mcflavor_0069b0b0|0x69b0b0|WARN|4
s_mcflavor_0069b0b4|0x69b0b4|WARN|4
s_mcflavor_0069b0b8|0x69b0b8|WARN|4
s_mcflavor_0069b0bc|0x69b0bc|WARN|4
s_mcflavor_0069b0c0|0x69b0c0|WARN|4
s_mcflavor_0069b0c4|0x69b0c4|WARN|4
s_mcflavor_0069b0c8|0x69b0c8|WARN|4
s_mcflavor_0069b0cc|0x69b0cc|WARN|4
s_mcflavor_0069b0d0|0x69b0d0|WARN|4
s_mcflavor_0069b0d4|0x69b0d4|WARN|4
s_mcflavor_0069b0d8|0x69b0d8|WARN|4
s_mcflavor_0069b0dc|0x69b0dc|WARN|4
s_mcflavor_0069b0e0|0x69b0e0|WARN|4
s_mcflavor_0069b0e4|0x69b0e4|WARN|4
s_mcflavor_0069b0e8|0x69b0e8|WARN|4
s_mcflavor_0069b0ec|0x69b0ec|WARN|4
s_mcflavor_0069b0f0|0x69b0f0|WARN|4
s_mcflavor_0069b0f4|0x69b0f4|WARN|4
s_mcflavor_0069b0f8|0x69b0f8|WARN|4
s_mcflavor_0069b100|0x69b100|WARN|4
s_mcflavor_0069b104|0x69b104|WARN|4
s_mcflavor_0069b108|0x69b108|WARN|4
s_mcflavor_0069b10c|0x69b10c|WARN|4
s_mcflavor_0069b110|0x69b110|WARN|4
s_mcflavor_0069b114|0x69b114|WARN|4
s_mcflavor_0069b118|0x69b118|WARN|4
s_mcflavor_0069b11c|0x69b11c|WARN|4
s_mcflavor_0069b120|0x69b120|WARN|4
s_mcflavor_0069b124|0x69b124|WARN|4
s_mcflavor_0069b128|0x69b128|WARN|4
s_mcflavor_0069b12c|0x69b12c|WARN|4
s_mcflavor_0069b130|0x69b130|WARN|4
s_mcflavor_0069b134|0x69b134|WARN|4
s_mcflavor_0069b138|0x69b138|WARN|4
s_mcflavor_0069b13c|0x69b13c|WARN|4
s_mcflavor_0069b14c|0x69b14c|WARN|4
s_mcflavor_0069b158|0x69b158|WARN|4
s_mcflavor_0069b15c|0x69b15c|WARN|4
s_mcflavor_0069b160|0x69b160|WARN|4
s_mcflavor_0069b164|0x69b164|WARN|4
s_mcflavor_0069b168|0x69b168|WARN|4
s_mcflavor_0069b16c|0x69b16c|WARN|4
s_mcflavor_0069b170|0x69b170|WARN|4
s_mcflavor_0069b174|0x69b174|WARN|4
s_mcflavor_0069b178|0x69b178|WARN|4
s_mcflavor_0069b17c|0x69b17c|WARN|4
s_mcflavor_0069b184|0x69b184|WARN|4
s_mcflavor_0069b188|0x69b188|WARN|4
s_mcflavor_0069b18c|0x69b18c|WARN|4
s_mcflavor_0069b190|0x69b190|WARN|4
s_mcflavor_0069b194|0x69b194|WARN|4
s_mcflavor_0069b198|0x69b198|WARN|4
s_mcflavor_0069b19c|0x69b19c|WARN|4
s_mcflavor_0069b1a0|0x69b1a0|WARN|4
s_mcflavor_0069b1a8|0x69b1a8|WARN|4
s_mcflavor_0069b1ac|0x69b1ac|WARN|4
s_mcflavor_0069b1b0|0x69b1b0|WARN|4
s_mcflavor_0069b1b4|0x69b1b4|WARN|4
s_mcflavor_0069b1b8|0x69b1b8|WARN|4
s_mcflavor_0069b1bc|0x69b1bc|WARN|4
s_mcflavor_0069b1c0|0x69b1c0|WARN|4
s_mcflavor_0069b1c4|0x69b1c4|WARN|4
s_mcflavor_0069b1cc|0x69b1cc|WARN|4
s_mcflavor_0069b1d0|0x69b1d0|WARN|4
s_mcflavor_0069b1d4|0x69b1d4|WARN|4
s_mcflavor_0069b1d8|0x69b1d8|WARN|4
s_mcflavor_0069b1dc|0x69b1dc|WARN|4
s_mcflavor_0069b1e0|0x69b1e0|WARN|4
s_mcflavor_0069b1e4|0x69b1e4|WARN|4
s_mcflavor_0069b1e8|0x69b1e8|WARN|4
s_mcflavor_0069b1ec|0x69b1ec|WARN|4
s_mcflavor_0069b1f0|0x69b1f0|WARN|4
s_mcflavor_0069b1f4|0x69b1f4|WARN|4
s_mcflavor_0069b1f8|0x69b1f8|WARN|4
s_mcflavor_0069b1fc|0x69b1fc|WARN|4
s_mcflavor_0069b204|0x69b204|WARN|4
s_mcflavor_0069b208|0x69b208|WARN|4
s_mcflavor_0069b20c|0x69b20c|WARN|4
s_mcflavor_0069b210|0x69b210|WARN|4
s_mcflavor_0069b214|0x69b214|WARN|4
s_mcflavor_0069b218|0x69b218|WARN|4
s_mcflavor_0069b21c|0x69b21c|WARN|4
s_mcflavor_0069b220|0x69b220|WARN|4
s_mcflavor_0069b224|0x69b224|WARN|4
s_mcflavor_0069b228|0x69b228|WARN|4
s_mcflavor_0069b22c|0x69b22c|WARN|4
s_mcflavor_0069b234|0x69b234|WARN|4
s_mcflavor_0069b238|0x69b238|WARN|4
s_mcflavor_0069b23c|0x69b23c|WARN|4
s_mcflavor_0069b240|0x69b240|WARN|4
s_mcflavor_0069b244|0x69b244|WARN|4
s_mcflavor_0069b248|0x69b248|WARN|4
s_mcflavor_0069b24c|0x69b24c|WARN|4
s_mcflavor_0069b254|0x69b254|WARN|4
s_mcflavor_0069b25c|0x69b25c|WARN|4
s_mcflavor_0069b260|0x69b260|WARN|4
s_mcflavor_0069b264|0x69b264|WARN|4
s_mcflavor_0069b268|0x69b268|WARN|4
s_mcflavor_0069b26c|0x69b26c|WARN|4
s_mcflavor_0069b270|0x69b270|WARN|4
s_mcflavor_0069b274|0x69b274|WARN|4
s_mcflavor_0069b278|0x69b278|WARN|4
s_mcflavor_0069b27c|0x69b27c|WARN|4
s_mcflavor_0069b280|0x69b280|WARN|4
s_mcflavor_0069b284|0x69b284|WARN|4
s_mcflavor_0069b288|0x69b288|WARN|4
s_mcflavor_0069b28c|0x69b28c|WARN|4
s_mcflavor_0069b290|0x69b290|WARN|4
s_mcflavor_0069b294|0x69b294|WARN|4
s_mcflavor_0069b298|0x69b298|WARN|4
s_mcflavor_0069b29c|0x69b29c|WARN|4
s_mcflavor_0069b2a0|0x69b2a0|WARN|4
s_mcflavor_0069b2a4|0x69b2a4|WARN|4
s_mcflavor_0069b2a8|0x69b2a8|WARN|4
s_mcflavor_0069b2ac|0x69b2ac|WARN|4
s_mcflavor_0069b2b0|0x69b2b0|WARN|4
s_mcflavor_0069b2b4|0x69b2b4|WARN|4
s_mcflavor_0069b2b8|0x69b2b8|WARN|4
s_mcflavor_0069b2bc|0x69b2bc|WARN|4
s_mcflavor_0069b2c0|0x69b2c0|WARN|4
s_mcflavor_0069b2c4|0x69b2c4|WARN|4
s_mcflavor_0069b2c8|0x69b2c8|WARN|4
s_mcflavor_0069b2cc|0x69b2cc|WARN|4
s_mcflavor_0069b2d0|0x69b2d0|WARN|4
s_mcflavor_0069b2d4|0x69b2d4|WARN|4
s_mcflavor_0069b2d8|0x69b2d8|WARN|4
s_mcflavor_0069b2dc|0x69b2dc|WARN|4
s_mcflavor_0069b2e0|0x69b2e0|WARN|4
s_mcflavor_0069b2e4|0x69b2e4|WARN|4
s_mcflavor_0069b2e8|0x69b2e8|WARN|4
s_mcflavor_0069b2f0|0x69b2f0|WARN|4
s_mcflavor_0069b2f8|0x69b2f8|WARN|4
s_mcflavor_0069b2fc|0x69b2fc|WARN|4
s_mcflavor_0069b304|0x69b304|WARN|4
s_mcflavor_0069b308|0x69b308|WARN|4
s_mcflavor_0069b30c|0x69b30c|WARN|4
s_mcflavor_0069b310|0x69b310|WARN|4
s_mcflavor_0069b314|0x69b314|WARN|4
s_mcflavor_0069b318|0x69b318|WARN|4
s_mcflavor_0069b31c|0x69b31c|WARN|4
s_mcflavor_0069b320|0x69b320|WARN|4
s_mcflavor_0069b324|0x69b324|WARN|4
s_mcflavor_0069b328|0x69b328|WARN|4
s_mcflavor_0069b32c|0x69b32c|WARN|4
s_mcflavor_0069b334|0x69b334|WARN|4
s_mcflavor_0069b338|0x69b338|WARN|4
s_mcflavor_0069b33c|0x69b33c|WARN|4
s_mcflavor_0069b340|0x69b340|WARN|4
s_mcflavor_0069b344|0x69b344|WARN|4
s_mcflavor_0069b348|0x69b348|WARN|4
s_mcflavor_0069b34c|0x69b34c|WARN|4
s_mcflavor_0069b350|0x69b350|WARN|4
s_mcflavor_0069b354|0x69b354|WARN|4
s_mcflavor_0069b358|0x69b358|WARN|4
s_mcflavor_0069b35c|0x69b35c|WARN|4
s_mcflavor_0069b360|0x69b360|WARN|4
s_mcflavor_0069b364|0x69b364|WARN|4
s_mcflavor_0069b368|0x69b368|WARN|4
s_mcflavor_0069b36c|0x69b36c|WARN|4
s_mcflavor_0069b370|0x69b370|WARN|4
s_mcflavor_0069b374|0x69b374|WARN|4
s_mcflavor_0069b378|0x69b378|WARN|4
s_mcflavor_0069b37c|0x69b37c|WARN|4
s_mcflavor_0069b380|0x69b380|WARN|4
s_mcflavor_0069b384|0x69b384|WARN|4
s_mcflavor_0069b388|0x69b388|WARN|4
s_mcflavor_0069b38c|0x69b38c|WARN|4
s_mcflavor_0069b390|0x69b390|WARN|4
s_mcflavor_0069b394|0x69b394|WARN|4
s_mcflavor_0069b398|0x69b398|WARN|4
s_mcflavor_0069b39c|0x69b39c|WARN|4
s_mcflavor_0069b3a0|0x69b3a0|WARN|4
s_mcflavor_0069b3a4|0x69b3a4|WARN|4
s_mcflavor_0069b3a8|0x69b3a8|WARN|4
s_mcflavor_0069b3ac|0x69b3ac|WARN|4
s_mcflavor_0069b3b0|0x69b3b0|WARN|4
s_mcflavor_0069b3b4|0x69b3b4|WARN|4
s_mcflavor_0069b3b8|0x69b3b8|WARN|4
s_mcflavor_0069b3bc|0x69b3bc|WARN|4
s_mcflavor_0069b3c4|0x69b3c4|WARN|4
s_mcflavor_0069b3c8|0x69b3c8|WARN|4
s_mcflavor_0069b3cc|0x69b3cc|WARN|4
s_mcflavor_0069b3d0|0x69b3d0|WARN|4
s_mcflavor_0069b3d4|0x69b3d4|WARN|4
s_mcflavor_0069b3dc|0x69b3dc|WARN|4
s_mcflavor_0069b3e0|0x69b3e0|WARN|4
s_mcflavor_0069b3e4|0x69b3e4|WARN|4
s_mcflavor_0069b3e8|0x69b3e8|WARN|4
s_mcflavor_0069b3ec|0x69b3ec|WARN|4
s_mcflavor_0069b3f0|0x69b3f0|WARN|4
s_mcflavor_0069b3f4|0x69b3f4|WARN|4
s_mcflavor_0069b3f8|0x69b3f8|WARN|4
s_mcflavor_0069b400|0x69b400|WARN|4
s_mcflavor_0069b404|0x69b404|WARN|4
s_mcflavor_0069b408|0x69b408|WARN|4
s_mcflavor_0069b40c|0x69b40c|WARN|4
s_mcflavor_0069b410|0x69b410|WARN|4
s_mcflavor_0069b418|0x69b418|WARN|4
s_mcflavor_0069b41c|0x69b41c|WARN|4
s_mcflavor_0069b420|0x69b420|WARN|4
s_mcflavor_0069b424|0x69b424|WARN|4
s_mcflavor_0069b428|0x69b428|WARN|4
s_mcflavor_0069b42c|0x69b42c|WARN|4
s_mcflavor_0069b430|0x69b430|WARN|4
s_mcflavor_0069b434|0x69b434|WARN|4
s_mcflavor_0069b438|0x69b438|WARN|4
s_mcflavor_0069b43c|0x69b43c|WARN|4
s_mcflavor_0069b440|0x69b440|WARN|4
s_mcflavor_0069b444|0x69b444|WARN|4
s_mcflavor_0069b448|0x69b448|WARN|4
s_mcflavor_0069b44c|0x69b44c|WARN|4
s_mcflavor_0069b454|0x69b454|WARN|4
s_mcflavor_0069b458|0x69b458|WARN|4
s_mcflavor_0069b45c|0x69b45c|WARN|4
s_mcflavor_0069b460|0x69b460|WARN|4
s_mcflavor_0069b464|0x69b464|WARN|4
s_mcflavor_0069b468|0x69b468|WARN|4
s_mcflavor_0069b46c|0x69b46c|WARN|4
s_mcflavor_0069b470|0x69b470|WARN|4
s_mcflavor_0069b474|0x69b474|WARN|4
s_mcflavor_0069b478|0x69b478|WARN|4
s_mcflavor_0069b47c|0x69b47c|WARN|4
s_mcflavor_0069b480|0x69b480|WARN|4
s_mcflavor_0069b484|0x69b484|WARN|4
s_mcflavor_0069b488|0x69b488|WARN|4
s_mcflavor_0069b48c|0x69b48c|WARN|4
s_mcflavor_0069b490|0x69b490|WARN|4
s_mcflavor_0069b498|0x69b498|WARN|4
s_mcflavor_0069b49c|0x69b49c|WARN|4
s_mcflavor_0069b4a0|0x69b4a0|WARN|4
s_mcflavor_0069b4a4|0x69b4a4|WARN|4
s_mcflavor_0069b4a8|0x69b4a8|WARN|4
s_mcflavor_0069b4ac|0x69b4ac|WARN|4
s_mcflavor_0069b4b0|0x69b4b0|WARN|4
s_mcflavor_0069b4b4|0x69b4b4|WARN|4
s_mcflavor_0069b4b8|0x69b4b8|WARN|4
s_mcflavor_0069b4bc|0x69b4bc|WARN|4
s_mcflavor_0069b4c4|0x69b4c4|WARN|4
s_mcflavor_0069b4c8|0x69b4c8|WARN|4
s_mcflavor_0069b4cc|0x69b4cc|WARN|4
s_mcflavor_0069b4d0|0x69b4d0|WARN|4
s_mcflavor_0069b4d4|0x69b4d4|WARN|4
s_mcflavor_0069b4d8|0x69b4d8|WARN|4
s_mcflavor_0069b4dc|0x69b4dc|WARN|4
s_mcflavor_0069b4e0|0x69b4e0|WARN|4
s_mcflavor_0069b4e4|0x69b4e4|WARN|4
s_mcflavor_0069b4e8|0x69b4e8|WARN|4
s_mcflavor_0069b4ec|0x69b4ec|WARN|4
s_mcflavor_0069b4f0|0x69b4f0|WARN|4
s_mcflavor_0069b4f4|0x69b4f4|WARN|4
s_mcflavor_0069b4f8|0x69b4f8|WARN|4
s_mcflavor_0069b4fc|0x69b4fc|WARN|4
s_mcflavor_0069b500|0x69b500|WARN|4
s_mcflavor_0069b504|0x69b504|WARN|4
s_mcflavor_0069b508|0x69b508|WARN|4
s_mcflavor_0069b50c|0x69b50c|WARN|4
s_mcflavor_0069b510|0x69b510|WARN|4
s_mcflavor_0069b514|0x69b514|WARN|4
s_mcflavor_0069b518|0x69b518|WARN|4
s_mcflavor_0069b51c|0x69b51c|WARN|4
s_mcflavor_0069b520|0x69b520|WARN|4
s_mcflavor_0069b524|0x69b524|WARN|4
s_mcflavor_0069b528|0x69b528|WARN|4
s_mcflavor_0069b52c|0x69b52c|WARN|4
s_mcflavor_0069b534|0x69b534|WARN|4
s_mcflavor_0069b53c|0x69b53c|WARN|4
s_mcflavor_0069b544|0x69b544|WARN|4
s_mcflavor_0069b54c|0x69b54c|WARN|4
s_mcflavor_0069b554|0x69b554|WARN|4
s_mcflavor_0069b55c|0x69b55c|WARN|4
s_mcflavor_0069b564|0x69b564|WARN|4
s_mcflavor_0069b56c|0x69b56c|WARN|4
s_mcflavor_0069b57c|0x69b57c|WARN|4
s_mcflavor_0069b584|0x69b584|WARN|4
s_mcflavor_0069b590|0x69b590|WARN|4
s_mcflavor_0069b598|0x69b598|WARN|4
s_mcflavor_0069b59c|0x69b59c|WARN|4
s_mcflavor_0069b5a4|0x69b5a4|WARN|4
s_mcflavor_0069b5ac|0x69b5ac|WARN|4
s_mcflavor_0069b5b8|0x69b5b8|WARN|4
s_mcflavor_0069b5c0|0x69b5c0|WARN|4
s_mcflavor_0069b5c4|0x69b5c4|WARN|4
s_mcflavor_0069b5cc|0x69b5cc|WARN|4
s_mcflavor_0069b5d4|0x69b5d4|WARN|4
s_mcflavor_0069b5dc|0x69b5dc|WARN|4
s_mcflavor_0069b5e4|0x69b5e4|WARN|4
s_mcflavor_0069b5ec|0x69b5ec|WARN|4
s_mcflavor_0069b5f4|0x69b5f4|WARN|4
s_mcflavor_0069b5fc|0x69b5fc|WARN|4
s_mcflavor_0069b604|0x69b604|WARN|4
s_mcflavor_0069b60c|0x69b60c|WARN|4
s_mcflavor_0069b614|0x69b614|WARN|4
s_mcflavor_0069b61c|0x69b61c|WARN|4
s_mcflavor_0069b624|0x69b624|WARN|4
s_mcflavor_0069b628|0x69b628|WARN|4
s_mcflavor_0069b630|0x69b630|WARN|4
s_mcflavor_0069b638|0x69b638|WARN|4
s_mcflavor_0069b640|0x69b640|WARN|4
