file|empty_but_big|empty_unmarked|empty_unresolved|noop_contradicted
include/game/CDocument_Virtuals.h|0|0|1|0
include/game/CFile_Virtuals.h|0|0|1|0
include/game/TAnimation.h|0|0|1|0
include/game/TArmyPlayer.h|0|0|1|0
include/game/TArmyTacUnit.h|0|0|1|0
include/game/TDiplomacyMapView.h|0|1|0|0
include/game/TIdleMeAnimation.h|0|0|1|0
include/game/TList.h|0|0|1|0
include/game/TTacticalPlayer.h|0|0|1|0
include/game/TTacticalUnit.h|0|0|1|0
include/game/TTechItemView.h|0|0|1|0
src/game/CMainFrame.cpp|0|0|1|0
src/game/T2PictToggleButton.cpp|0|0|1|0
src/game/TAdmiral.cpp|2|0|0|0
src/game/TAdorner.cpp|2|0|1|0
src/game/TAmtBar.cpp|0|0|6|0
src/game/TAmtBarCluster.cpp|0|0|1|0
src/game/TApplication.cpp|1|0|0|0
src/game/TArmoryView.cpp|3|0|1|0
src/game/TArmyBattle.cpp|0|0|1|0
src/game/TArmyBoyView.cpp|0|0|1|0
src/game/TArmyCheckBox.cpp|3|0|1|0
src/game/TArmyMgr.cpp|4|0|1|0
src/game/TArmyPlacard.cpp|0|0|1|0
src/game/TArmyPlayer.cpp|2|0|0|0
src/game/TArmyStack.cpp|3|0|0|0
src/game/TArmyUnitLine.cpp|1|0|0|0
src/game/TArmyUnitView.cpp|1|0|0|0
src/game/TAutoGreatPower.cpp|2|1|0|0
src/game/TAutomatedPlayDialog.cpp|1|0|1|0
src/game/TBatRepDetLine.cpp|1|0|1|0
src/game/TBattleDetailBook.cpp|1|0|1|0
src/game/TBattleReportView.cpp|4|0|0|0
src/game/TBattleUnitsView.cpp|1|0|1|0
src/game/TBeachheadMission.cpp|1|0|0|0
src/game/TBook.cpp|2|0|0|0
src/game/TBoycottButton.cpp|0|0|1|0
src/game/TBuildingConstructionView.cpp|2|0|0|0
src/game/TBuildingExpansionView.cpp|2|0|1|0
src/game/TBuildingView.cpp|1|0|0|0
src/game/TCancelGameOptionsCommand.cpp|1|0|0|0
src/game/TCapacityOrder.cpp|0|0|1|0
src/game/TCheater.cpp|0|0|1|0
src/game/TCity.cpp|6|0|0|0
src/game/TCityInteriorMinister.cpp|10|0|1|0
src/game/TCityMinisterPersonalities.cpp|4|0|0|0
src/game/TCityOrderItem.cpp|0|0|3|0
src/game/TCityProductionView.cpp|13|0|1|0
src/game/TCitySiteView.cpp|4|0|0|0
src/game/TCityTask.cpp|6|0|1|0
src/game/TCivAnimation.cpp|0|0|1|0
src/game/TCivAnimation2.cpp|0|0|1|0
src/game/TCivDescription.cpp|3|0|1|0
src/game/TCivMgr.cpp|2|0|1|0
src/game/TCivToolbar.cpp|0|0|1|0
src/game/TCivUnit.cpp|4|0|0|0
src/game/TClickZone.cpp|1|0|0|0
src/game/TClientGreatPower.cpp|3|0|0|0
src/game/TCloseParentButton.cpp|1|0|0|0
src/game/TColorFill.cpp|0|0|1|0
src/game/TColorKeyButton.cpp|1|0|0|0
src/game/TColorKeyPicture.cpp|3|0|0|0
src/game/TCombatReportView.cpp|0|0|1|0
src/game/TCommodityLine.cpp|1|0|0|0
src/game/TControl.cpp|1|0|1|0
src/game/TCouncilPanelView.cpp|1|0|1|0
src/game/TCouncilTickerAnimation.cpp|0|0|1|0
src/game/TCountry.cpp|0|1|3|0
src/game/TCreditsPicture.cpp|2|0|1|0
src/game/TCtlMgr.cpp|0|0|1|0
src/game/TCzechBox.cpp|2|0|0|0
src/game/TDealBookPicture.cpp|1|0|0|0
src/game/TDealLine.cpp|1|0|0|0
src/game/TDealTabControl.cpp|2|0|1|0
src/game/TDefenseMinister.cpp|2|0|0|0
src/game/TDefenseMinisterPersonalities.cpp|5|0|0|0
src/game/TDefenseMinisterView.cpp|1|0|0|0
src/game/TDialogView.cpp|0|0|1|0
src/game/TDiplomacyMapView.cpp|2|0|0|0
src/game/TDiplomacyMgr.cpp|5|0|2|0
src/game/TDisappearingButton.cpp|1|0|0|0
src/game/TDocument.cpp|0|0|1|0
src/game/TDropShadowTextBehavior.cpp|1|0|0|0
src/game/TEditText.cpp|3|0|0|0
src/game/TExpansionOrder.cpp|0|0|1|0
src/game/TFileBasedDocument.cpp|0|0|1|0
src/game/TFileStream.cpp|3|0|0|0
src/game/TFlagOptionsPicture.cpp|2|0|1|0
src/game/TFoodProcessingOrder.cpp|0|0|1|0
src/game/TForeignMinister.cpp|4|0|0|0
src/game/TForeignMinisterPersonalities.cpp|23|0|0|0
src/game/TForeignMinisterView.cpp|1|0|0|0
src/game/TFrameRadioView.cpp|3|0|1|0
src/game/TFuzzyVar.cpp|0|0|1|0
src/game/TGPCheater.cpp|0|0|1|0
src/game/TGPTreatyDialog.cpp|0|0|1|0
src/game/TGWorldButton.cpp|2|0|0|0
src/game/TGWorldPartView.cpp|1|0|0|0
src/game/TGWorldPeeker.cpp|1|0|1|0
src/game/TGameInfoPicture.cpp|2|0|1|0
src/game/TGamePreferencesPicture.cpp|2|0|1|0
src/game/TGameScorePicture.cpp|2|0|0|0
src/game/TGameSetupDialog.cpp|0|0|1|0
src/game/TGameSetupMultiplayerPicture.cpp|2|0|0|0
src/game/TGarrisonView.cpp|1|0|0|0
src/game/TGrantsView.cpp|3|0|1|0
src/game/TGreatPower.cpp|1|0|1|0
src/game/THandleStream.cpp|4|0|0|0
src/game/THelpMgr.cpp|4|0|1|0
src/game/THelpPicture.cpp|2|0|1|0
src/game/THighScoresPicture.cpp|3|0|0|0
src/game/THostGreatPower.cpp|4|0|1|0
src/game/TIconBar.cpp|2|0|0|0
src/game/TIconSlider.cpp|3|0|0|0
src/game/TIndexAndRankList.cpp|0|0|1|0
src/game/TIndustryCluster.cpp|0|0|1|0
src/game/TIndustryView.cpp|1|0|0|0
src/game/TInfoBarPictureText.cpp|1|0|1|0
src/game/TInfoPanelView.cpp|3|0|1|0
src/game/TInteriorMinister.cpp|8|0|0|0
src/game/TInteriorMinisterView.cpp|1|0|0|0
src/game/TInterruptusView.cpp|1|0|1|0
src/game/TItemBoyView.cpp|1|0|1|0
src/game/TItemOrder.cpp|2|0|1|0
src/game/TJoinSelectorDialog.cpp|2|0|1|0
src/game/TLaborPool.cpp|2|0|1|0
src/game/TLanguageMgr.cpp|1|0|1|0
src/game/TLineData.cpp|0|1|0|0
src/game/TLoadSavePicture.cpp|3|0|1|0
src/game/TLoungeDialog.cpp|3|0|1|0
src/game/TMadnessButton.cpp|1|0|1|0
src/game/TMapDialog.cpp|5|0|0|0
src/game/TMapEditCluster.cpp|1|0|1|0
src/game/TMapEditView.cpp|6|0|1|0
src/game/TMapKey.cpp|1|0|1|0
src/game/TMapMaker.cpp|14|0|0|0
src/game/TMapMgr.cpp|2|0|2|0
src/game/TMapUberPicture.cpp|8|0|0|0
src/game/TMapUberUberPicture.cpp|0|0|1|0
src/game/TMegaPicture.cpp|2|0|0|0
src/game/TMerchantBoyView.cpp|1|0|1|0
src/game/TMilitaryPageView.cpp|2|0|0|0
src/game/TMilitaryUnit.cpp|2|0|0|0
src/game/TMiniArmyLine.cpp|1|0|1|0
src/game/TMiniArmyView.cpp|1|0|1|0
src/game/TMiniCivLine.cpp|1|0|1|0
src/game/TMiniCivView.cpp|2|0|1|0
src/game/TMiniMapView.cpp|2|0|0|0
src/game/TMiniShipLine.cpp|1|0|1|0
src/game/TMiniShipView.cpp|2|0|1|0
src/game/TMinisterView.cpp|1|0|0|0
src/game/TMinorRelationshipDialog.cpp|1|0|1|0
src/game/TMinorTradeBidsDialog.cpp|0|0|1|0
src/game/TMinorTreatyDialog.cpp|0|0|1|0
src/game/TMultiMessagePicture.cpp|1|0|1|0
src/game/TMultiplayerMgr.cpp|3|0|0|0
src/game/TNavyAutoPlayer.cpp|0|0|1|0
src/game/TNavyBattle.cpp|4|0|1|0
src/game/TNavyBoyView.cpp|1|0|1|0
src/game/TNavyHumanPlayer.cpp|0|0|1|0
src/game/TNavyMgr.cpp|3|0|0|0
src/game/TNavyMission.cpp|1|0|0|0
src/game/TNavyPlayer.cpp|0|0|1|0
src/game/TNavyRoster.cpp|1|0|0|0
src/game/TNavyTacUnit.cpp|0|0|1|0
src/game/TNavyToolbarCluster.cpp|2|0|0|0
src/game/TNetGameSelectPicture.cpp|2|0|1|0
src/game/TNetMgr.cpp|0|1|0|0
src/game/TNetSelectPicture.cpp|1|0|0|0
src/game/TNewGameCommand.cpp|0|1|0|0
src/game/TNewTownView.cpp|1|0|1|0
src/game/TNewsMgr.cpp|1|2|1|0
src/game/TNewspaperView.cpp|0|0|1|0
src/game/TNextMoveCommand.cpp|1|0|0|0
src/game/TNoHiliteText.cpp|0|0|1|0
src/game/TNominationView.cpp|2|0|1|0
src/game/TNumberedIcon.cpp|1|0|0|0
src/game/TOcean.cpp|3|0|1|0
src/game/TOceanDialog.cpp|11|0|0|0
src/game/TOffLimitsPicture.cpp|1|0|0|0
src/game/TOfferDeskPicture.cpp|3|0|0|0
src/game/TOffersPanelView.cpp|3|0|0|0
src/game/TOnOffRadioButton.cpp|1|0|0|0
src/game/TOrItemOrder.cpp|0|0|1|0
src/game/TOrderView.cpp|1|0|0|0
src/game/TPanelView.cpp|1|0|0|0
src/game/TPictureLine.cpp|1|0|1|0
src/game/TPictureRadioButton.cpp|1|0|0|0
src/game/TPlacard.cpp|0|0|1|0
src/game/TPopGrowthOrder.cpp|0|0|1|0
src/game/TPopulationMgr.cpp|3|0|1|0
src/game/TPortZone.cpp|4|0|0|0
src/game/TPoseMessageDialog.cpp|0|1|0|0
src/game/TPowerPlantOrder.cpp|2|0|1|0
src/game/TProductionCluster.cpp|0|0|1|0
src/game/TProductionOrder.cpp|2|0|0|0
src/game/TProxyGreatPower.cpp|4|0|1|0
src/game/TPtrList.cpp|0|0|1|0
src/game/TPurchaseCluster.cpp|2|0|0|0
src/game/TQueryFloater.cpp|2|0|1|0
src/game/TRailCluster.cpp|0|0|1|0
src/game/TRailheadDialog.cpp|0|0|1|0
src/game/TRelationshipDialog.cpp|1|0|1|0
src/game/TRemoteGreatPower.cpp|2|0|1|0
src/game/TRemoteMinor.cpp|1|0|0|0
src/game/TScenarioChooser.cpp|4|0|0|0
src/game/TScoreGraph.cpp|2|0|1|0
src/game/TScrollBarView.cpp|6|0|0|0
src/game/TScrollView.cpp|1|0|1|0
src/game/TSelectoText.cpp|0|0|1|0
src/game/TShipBuildingTask.cpp|2|0|0|0
src/game/TShipFractionCluster.cpp|2|0|0|0
src/game/TShipLine.cpp|1|0|1|0
src/game/TShipPlacard.cpp|1|0|0|0
src/game/TShipView.cpp|2|0|1|0
src/game/TShipyardCluster.cpp|0|0|1|0
src/game/TShipyardView.cpp|5|0|1|0
src/game/TSimMgr.cpp|11|0|0|0
src/game/TSortedPtrList.cpp|0|0|1|0
src/game/TSoundChannelNode.cpp|4|0|0|0
src/game/TSpaceCommand.cpp|0|0|1|0
src/game/TSpecialQuitPicture.cpp|2|0|0|0
src/game/TStatusPicture.cpp|2|0|1|0
src/game/TStream.cpp|3|0|2|0
src/game/TSuperArmyRoster.cpp|0|0|1|0
src/game/TSuperNavyRoster.cpp|0|0|1|0
src/game/TSwapperDaddyView.cpp|0|0|1|0
src/game/TTacArmyView.cpp|0|0|1|0
src/game/TTacMapUberPicture.cpp|2|0|1|0
src/game/TTacNavyToolbar.cpp|2|0|1|0
src/game/TTacticalAdiosPicture.cpp|2|0|1|0
src/game/TTacticalBattle.cpp|0|1|0|0
src/game/TTacticalBattleView.cpp|6|0|0|0
src/game/TTacticalHolaPicture.cpp|0|0|1|0
src/game/TTacticalPlayer.cpp|0|5|0|0
src/game/TTacticalToolbar.cpp|2|0|1|0
src/game/TTask.cpp|2|0|1|0
src/game/TTaskForce.cpp|4|0|0|0
src/game/TTechCheater.cpp|0|0|1|0
src/game/TTechHistoryView.cpp|0|0|1|0
src/game/TTechItemLine.cpp|0|0|1|0
src/game/TTechItemView.cpp|1|0|0|0
src/game/TTechMgr.cpp|2|0|2|0
src/game/TTerrainHelpPicture.cpp|1|0|1|0
src/game/TTextLine.cpp|1|0|0|0
src/game/TTextPictureButton.cpp|1|0|0|0
src/game/TToggleButton.cpp|0|0|1|0
src/game/TToolBarCluster.cpp|2|0|0|0
src/game/TTown.cpp|0|0|1|0
src/game/TTownNameDialog.cpp|2|0|0|0
src/game/TTradeBidNationLine.cpp|1|0|1|0
src/game/TTradeBidNationView.cpp|1|0|1|0
src/game/TTradeBookView.cpp|2|0|1|0
src/game/TTradeOfferNationLine.cpp|1|0|1|0
src/game/TTradeOfferNationView.cpp|1|0|1|0
src/game/TTradeOrderPicture.cpp|1|0|0|0
src/game/TTradePageBuyView.cpp|0|0|1|0
src/game/TTradePageSellView.cpp|0|0|1|0
src/game/TTradePanelView.cpp|3|0|1|0
src/game/TTradePolicyCluster.cpp|1|0|0|0
src/game/TTradeScreenPicture.cpp|1|0|0|0
src/game/TTradeTotalsLine.cpp|1|0|0|0
src/game/TTradeTotalsView.cpp|1|0|0|0
src/game/TTrainingOrder.cpp|0|0|1|0
src/game/TTransFocusAnimation.cpp|1|0|0|0
src/game/TTransportPicture.cpp|0|0|1|0
src/game/TTransportView.cpp|1|0|1|0
src/game/TTreatiesView.cpp|3|0|1|0
src/game/TTurnEventDialogFactoryRegistry.cpp|0|1|0|0
src/game/TUberCluster.cpp|0|0|1|0
src/game/TUnitOrder.cpp|3|0|1|0
src/game/TUnitToolbarCluster.cpp|0|0|1|0
src/game/TUniversityView.cpp|4|0|0|0
src/game/TViewMgr.cpp|1|0|7|0
src/game/TWarehouseView.cpp|1|0|0|0
src/game/TWorldView.cpp|2|0|0|0
