address|target_cpp|ownership|note
401064|src/game/thunks.cpp|manual|marker_sync
4010a0|src/game/thunks.cpp|manual|marker_sync
4011a9|src/game/thunks.cpp|manual|marker_sync
401244|src/game/thunks.cpp|manual|marker_sync
4012b2|src/game/thunks.cpp|manual|marker_sync
40132a|src/game/thunks.cpp|manual|marker_sync
40154b|src/game/thunks.cpp|manual|marker_sync
4017b7|src/game/thunks.cpp|manual|marker_sync
401816|src/game/thunks.cpp|manual|marker_sync
4019fb|src/game/thunks.cpp|manual|marker_sync
401b09|src/game/thunks.cpp|manual|marker_sync
401b72|src/game/thunks.cpp|manual|marker_sync
401c0d|src/game/TCapacityOrder.cpp|manual|marker_sync
401cdf|src/game/thunks.cpp|manual|marker_sync
401e1f|src/game/thunks.cpp|manual|marker_sync
401e2e|src/game/thunks.cpp|manual|marker_sync
401e65|src/game/TAmtBar.cpp|manual|marker_sync
401ed8|src/game/thunks.cpp|manual|marker_sync
4020b8|src/game/TDiplomacyTurnStateManager.cpp|manual|marker_sync
4021ee|src/game/TLocalizationRuntime.cpp|manual|marker_sync
402d1a|src/game/TLocalizationRuntime.cpp|manual|marker_sync
402eeb|src/game/TUnitOrderState.cpp|manual|marker_sync
4032fb|src/game/TTradeCluster.cpp|manual|marker_sync
403837|src/game/TDiplomacyTurnStateManager.cpp|manual|marker_sync
403b16|src/game/UiRuntimeContext.cpp|manual|marker_sync
404093|src/game/TCapacityOrder.cpp|manual|marker_sync
404b33|src/game/TCivWorkOrderState.cpp|manual|marker_sync
4053d5|src/game/TLocalizationRuntime.cpp|manual|marker_sync
405529|src/game/config.cpp|manual|marker_sync
405ab5|src/game/TCapacityOrder.cpp|manual|marker_sync
405f8d|src/game/TToggleButton.cpp|manual|marker_sync
4064e2|src/game/TView.cpp|manual|marker_sync
406758|src/game/TInterNationEventQueueManager.cpp|manual|marker_sync
406aaf|src/game/TDiplomacyTurnStateManager.cpp|manual|marker_sync
406ba9|src/game/TView.cpp|manual|marker_sync
406ee7|src/game/TMinor.cpp|manual|marker_sync
407c1b|src/game/TLocalizationRuntime.cpp|manual|marker_sync
407da6|src/game/TSortedPtrList.cpp|manual|marker_sync
407f4a|src/game/TCivDescription.cpp|manual|marker_sync
40853f|src/game/TLocalizationRuntime.cpp|manual|marker_sync
4087fb|src/game/TControl.cpp|manual|marker_sync
409205|src/game/TDiplomacyMapView.cpp|manual|marker_sync
409868|src/game/TSortedPtrList.cpp|manual|marker_sync
409944|src/game/TDiplomacyTurnStateManager.cpp|manual|marker_sync
412bd0|src/game/CObject.cpp|manual|marker_sync
412bf0|src/game/CObject.cpp|manual|marker_sync
412c10|src/game/CObject.cpp|manual|marker_sync
4136c0|src/game/noop_slots.cpp|manual|marker_sync
414770|src/game/noop_slots.cpp|manual|marker_sync
415030|src/game/noop_slots.cpp|manual|marker_sync
415ce0|src/game/TObject.cpp|manual|marker_sync
415d50|src/game/TEventHandler.cpp|manual|marker_sync
415d70|src/game/TEventHandler.cpp|manual|marker_sync
415f00|src/game/CObject.cpp|manual|marker_sync
426f80|src/game/noop_slots.cpp|manual|marker_sync
427200|src/game/TView.cpp|manual|marker_sync
427220|src/game/TView.cpp|manual|marker_sync
427240|src/game/TView.cpp|manual|marker_sync
427260|src/game/TView.cpp|manual|marker_sync
427290|src/game/TView.cpp|manual|marker_sync
4272d0|src/game/TView.cpp|manual|marker_sync
427330|src/game/TView.cpp|manual|marker_sync
429410|src/game/TView.cpp|manual|marker_sync
429450|src/game/TControl.cpp|manual|marker_sync
429470|src/game/TControl.cpp|manual|marker_sync
4294a0|src/game/TControl.cpp|manual|marker_sync
430550|src/game/noop_slots.cpp|manual|marker_sync
4305c0|src/game/noop_slots.cpp|manual|marker_sync
430bd0|src/game/TView.cpp|manual|marker_sync
430bf0|src/game/TView.cpp|manual|marker_sync
430c10|src/game/TView.cpp|manual|marker_sync
435760|src/game/TControl.cpp|manual|marker_sync
43d9f0|src/game/noop_slots.cpp|manual|marker_sync
45acb0|src/game/noop_slots.cpp|manual|marker_sync
45ada0|src/game/noop_slots.cpp|manual|marker_sync
45af30|src/game/TTextList.cpp|manual|marker_sync
45d2a0|src/game/noop_slots.cpp|manual|marker_sync
4798b0|src/game/TObject.cpp|manual|marker_sync
4798d0|src/game/TObject.cpp|manual|marker_sync
4798f0|src/game/ArchiveStreamAdapter.cpp|manual|marker_sync
47c3d0|src/game/sprite.cpp|manual|marker_sync
47d5b0|src/game/noop_slots.cpp|manual|marker_sync
47d960|src/game/CBrush.cpp|manual|marker_sync
47df90|src/game/noop_slots.cpp|manual|marker_sync
47f2b0|src/game/noop_slots.cpp|manual|marker_sync
47f320|src/game/noop_slots.cpp|manual|marker_sync
47f410|src/game/noop_slots.cpp|manual|marker_sync
47fd70|src/game/noop_slots.cpp|manual|marker_sync
480850|src/game/TWNetSessionManager.cpp|manual|marker_sync
4811e0|src/game/noop_slots.cpp|manual|marker_sync
481670|src/game/noop_slots.cpp|manual|marker_sync
481730|src/game/noop_slots.cpp|manual|marker_sync
481970|src/game/noop_slots.cpp|manual|marker_sync
481a30|src/game/noop_slots.cpp|manual|marker_sync
481af0|src/game/noop_slots.cpp|manual|marker_sync
481d80|src/game/noop_slots.cpp|manual|marker_sync
482010|src/game/noop_slots.cpp|manual|marker_sync
4822e0|src/game/noop_slots.cpp|manual|marker_sync
482420|src/game/noop_slots.cpp|manual|marker_sync
484990|src/game/TObject.cpp|manual|marker_sync
485e20|src/game/TObject.cpp|manual|marker_sync
485e90|src/game/TObjectSerialize.cpp|manual|marker_sync
485f50|src/game/TObject.cpp|manual|marker_sync
485f70|src/game/TObject.cpp|manual|marker_sync
485f90|src/game/TObject.cpp|manual|marker_sync
486300|src/game/noop_slots.cpp|manual|marker_sync
486530|src/game/noop_slots.cpp|manual|marker_sync
486550|src/game/noop_slots.cpp|manual|marker_sync
486680|src/game/ApplicationUiRootController.cpp|manual|marker_sync
486740|src/game/ApplicationUiRootController.cpp|manual|marker_sync
486760|src/game/ApplicationUiRootController.cpp|manual|marker_sync
4867e0|src/game/ApplicationUiRootController.cpp|manual|marker_sync
486880|src/game/ApplicationUiRootController.cpp|manual|marker_sync
4868a0|src/game/ApplicationUiRootController.cpp|manual|marker_sync
486990|src/game/ApplicationUiRootController.cpp|manual|marker_sync
4869b0|src/game/ApplicationUiRootController.cpp|manual|marker_sync
486b10|src/game/ApplicationUiRootController.cpp|manual|marker_sync
4871c0|src/game/ApplicationUiRootEmbeddedList.cpp|manual|marker_sync
4872e0|src/game/noop_slots.cpp|manual|marker_sync
487820|src/game/TCommand.cpp|manual|marker_sync
4878a0|src/game/TCommand.cpp|manual|marker_sync
487a00|src/game/noop_slots.cpp|manual|marker_sync
487a90|src/game/TSortedList.cpp|manual|marker_sync
487b10|src/game/TSortedList.cpp|manual|marker_sync
487e50|src/game/TList.cpp|manual|marker_sync
487ed0|src/game/TList.cpp|manual|marker_sync
487ef0|src/game/CIterator.cpp|manual|marker_sync
487f20|src/game/CIterator.cpp|manual|marker_sync
487f40|src/game/CIterator.cpp|manual|marker_sync
487f70|src/game/noop_slots.cpp|manual|marker_sync
487f90|src/game/noop_slots.cpp|manual|marker_sync
488110|src/game/TSortedPtrList.cpp|manual|marker_sync
488160|src/game/TSortedPtrList.cpp|manual|marker_sync
4883e0|src/game/TSortedPtrList.cpp|manual|marker_sync
488400|src/game/TSortedPtrList.cpp|manual|marker_sync
488510|src/game/TPtrList.cpp|manual|marker_sync
4885d0|src/game/TPtrList.cpp|manual|marker_sync
4885f0|src/game/TPtrList.cpp|manual|marker_sync
488610|src/game/TPtrList.cpp|manual|marker_sync
4886d0|src/game/TPtrList.cpp|manual|marker_sync
4886f0|src/game/TPtrList.cpp|manual|marker_sync
488720|src/game/TPtrList.cpp|manual|marker_sync
488750|src/game/TPtrList.cpp|manual|marker_sync
488790|src/game/TPtrList.cpp|manual|marker_sync
4887b0|src/game/TPtrList.cpp|manual|marker_sync
488800|src/game/noop_slots.cpp|manual|marker_sync
488820|src/game/noop_slots.cpp|manual|marker_sync
488840|src/game/TPtrList.cpp|manual|marker_sync
488a80|src/game/TStream.cpp|manual|marker_sync
488ab0|src/game/TStream.cpp|manual|marker_sync
488b40|src/game/TCountingStream.cpp|manual|marker_sync
488b60|src/game/TStream.cpp|manual|marker_sync
488b90|src/game/TStream.cpp|manual|marker_sync
488bc0|src/game/TStream.cpp|manual|marker_sync
488bf0|src/game/TStream.cpp|manual|marker_sync
488c20|src/game/TStream.cpp|manual|marker_sync
488ca0|src/game/TStream.cpp|manual|marker_sync
488ce0|src/game/TStream.cpp|manual|marker_sync
488d20|src/game/TStream.cpp|manual|marker_sync
488d40|src/game/TStream.cpp|manual|marker_sync
488d60|src/game/TStream.cpp|manual|marker_sync
488d80|src/game/TStream.cpp|manual|marker_sync
488da0|src/game/TStream.cpp|manual|marker_sync
488dd0|src/game/TStream.cpp|manual|marker_sync
488e30|src/game/noop_slots.cpp|manual|marker_sync
488e50|src/game/noop_slots.cpp|manual|marker_sync
488e70|src/game/noop_slots.cpp|manual|marker_sync
488e90|src/game/TStream.cpp|manual|marker_sync
488eb0|src/game/TStream.cpp|manual|marker_sync
488ed0|src/game/TStream.cpp|manual|marker_sync
488ef0|src/game/TStream.cpp|manual|marker_sync
488f10|src/game/TStream.cpp|manual|marker_sync
488f30|src/game/TStream.cpp|manual|marker_sync
488f50|src/game/TStream.cpp|manual|marker_sync
488f70|src/game/TStream.cpp|manual|marker_sync
488f90|src/game/TStream.cpp|manual|marker_sync
488fb0|src/game/TStream.cpp|manual|marker_sync
488fd0|src/game/TStream.cpp|manual|marker_sync
489030|src/game/TFileStream.cpp|manual|marker_sync
489070|src/game/TFileStream.cpp|manual|marker_sync
4890f0|src/game/TFileStream.cpp|manual|marker_sync
489110|src/game/TFileStream.cpp|manual|marker_sync
489130|src/game/TFileStream.cpp|manual|marker_sync
489160|src/game/TFileStream.cpp|manual|marker_sync
489180|src/game/TFileStream.cpp|manual|marker_sync
4891a0|src/game/TFileStream.cpp|manual|marker_sync
4891c0|src/game/TFileStream.cpp|manual|marker_sync
4891f0|src/game/TFileStream.cpp|manual|marker_sync
489220|src/game/TFileStream.cpp|manual|marker_sync
489290|src/game/TFileStream.cpp|manual|marker_sync
489300|src/game/TFileStream.cpp|manual|marker_sync
489330|src/game/TFileStream.cpp|manual|marker_sync
489360|src/game/TFileStream.cpp|manual|marker_sync
4893f0|src/game/TCountingStream.cpp|manual|marker_sync
489410|src/game/TCountingStream.cpp|manual|marker_sync
489440|src/game/TCountingStream.cpp|manual|marker_sync
489470|src/game/TCountingStream.cpp|manual|marker_sync
489490|src/game/noop_slots.cpp|manual|marker_sync
4894b0|src/game/TCountingStream.cpp|manual|marker_sync
4894d0|src/game/TCountingStream.cpp|manual|marker_sync
489500|src/game/TCountingStream.cpp|manual|marker_sync
489520|src/game/TCountingStream.cpp|manual|marker_sync
489550|src/game/THandleStream.cpp|manual|marker_sync
4895c0|src/game/THandleStream.cpp|manual|marker_sync
4895e0|src/game/THandleStream.cpp|manual|marker_sync
489610|src/game/THandleStream.cpp|manual|marker_sync
489640|src/game/THandleStream.cpp|manual|marker_sync
4896a0|src/game/THandleStream.cpp|manual|marker_sync
4896e0|src/game/THandleStream.cpp|manual|marker_sync
489700|src/game/THandleStream.cpp|manual|marker_sync
489740|src/game/THandleStream.cpp|manual|marker_sync
489760|src/game/THandleStream.cpp|manual|marker_sync
4897a0|src/game/THandleStream.cpp|manual|marker_sync
489810|src/game/THandleStream.cpp|manual|marker_sync
489980|src/game/noop_slots.cpp|manual|marker_sync
4899a0|src/game/noop_slots.cpp|manual|marker_sync
489a50|src/game/ui_runtime_globals.cpp|manual|marker_sync
48a070|src/game/TEventHandler.cpp|manual|marker_sync
48a0e0|src/game/TEventHandler.cpp|manual|marker_sync
48a130|src/game/TEventHandler.cpp|manual|marker_sync
48a1b0|src/game/TEventHandler.cpp|manual|marker_sync
48a240|src/game/TEventHandler.cpp|manual|marker_sync
48a260|src/game/TEventHandler.cpp|manual|marker_sync
48a280|src/game/TEventHandler.cpp|manual|marker_sync
48a2c0|src/game/TEventHandler.cpp|manual|marker_sync
48a2e0|src/game/TEventHandler.cpp|manual|marker_sync
48a310|src/game/TEventHandler.cpp|manual|marker_sync
48a380|src/game/TEventHandler.cpp|manual|marker_sync
48a3b0|src/game/TEventHandler.cpp|manual|marker_sync
48a3f0|src/game/TEventHandler.cpp|manual|marker_sync
48a480|src/game/TEventHandler.cpp|manual|marker_sync
48a4a0|src/game/TEventHandler.cpp|manual|marker_sync
48a4d0|src/game/TEventHandler.cpp|manual|marker_sync
48a500|src/game/TEventHandler.cpp|manual|marker_sync
48a530|src/game/TEventHandler.cpp|manual|marker_sync
48a550|src/game/TEventHandler.cpp|manual|marker_sync
48a570|src/game/TEventHandler.cpp|manual|marker_sync
48a5e0|src/game/TEventHandler.cpp|manual|marker_sync
48a650|src/game/TEventHandler.cpp|manual|marker_sync
48a670|src/game/TEventHandler.cpp|manual|marker_sync
48a690|src/game/TEventHandler.cpp|manual|marker_sync
48a6b0|src/game/TEventHandler.cpp|manual|marker_sync
48a6d0|src/game/TEventHandler.cpp|manual|marker_sync
48a6f0|src/game/TEventHandler.cpp|manual|marker_sync
48a710|src/game/TEventHandler.cpp|manual|marker_sync
48a730|src/game/TEventHandler.cpp|manual|marker_sync
48a7c0|src/game/TEventHandler.cpp|manual|marker_sync
48a8c0|src/game/TView.cpp|manual|marker_sync
48a8e0|src/game/TView.cpp|manual|marker_sync
48a9a0|src/game/TView.cpp|manual|marker_sync
48a9d0|src/game/TView.cpp|manual|marker_sync
48aaf0|src/game/TView.cpp|manual|marker_sync
48ab70|src/game/TView.cpp|manual|marker_sync
48ab90|src/game/TView.cpp|manual|marker_sync
48abc0|src/game/TView.cpp|manual|marker_sync
48abe0|src/game/TView.cpp|manual|marker_sync
48ae60|src/game/TView.cpp|manual|marker_sync
48af80|src/game/TView.cpp|manual|marker_sync
48afd0|src/game/TView.cpp|manual|marker_sync
48b070|src/game/TView.cpp|manual|marker_sync
48b0b0|src/game/TView.cpp|manual|marker_sync
48b180|src/game/TView.cpp|manual|marker_sync
48b1a0|src/game/TView.cpp|manual|marker_sync
48b1c0|src/game/TView.cpp|manual|marker_sync
48b200|src/game/TView.cpp|manual|marker_sync
48b250|src/game/TView.cpp|manual|marker_sync
48b2d0|src/game/TView.cpp|manual|marker_sync
48b3f0|src/game/TView.cpp|manual|marker_sync
48b4b0|src/game/TView.cpp|manual|marker_sync
48b5f0|src/game/TView.cpp|manual|marker_sync
48b690|src/game/TView.cpp|manual|marker_sync
48b6d0|src/game/TView.cpp|manual|marker_sync
48b700|src/game/TView.cpp|manual|marker_sync
48b770|src/game/TView.cpp|manual|marker_sync
48b7b0|src/game/TView.cpp|manual|marker_sync
48b7e0|src/game/TView.cpp|manual|marker_sync
48b810|src/game/TView.cpp|manual|marker_sync
48b860|src/game/TView.cpp|manual|marker_sync
48b8d0|src/game/TView.cpp|manual|marker_sync
48ba40|src/game/TView.cpp|manual|marker_sync
48ba80|src/game/TView.cpp|manual|marker_sync
48bac0|src/game/TView.cpp|manual|marker_sync
48bb00|src/game/TView.cpp|manual|marker_sync
48bb30|src/game/TView.cpp|manual|marker_sync
48bb60|src/game/TView.cpp|manual|marker_sync
48bbb0|src/game/TView.cpp|manual|marker_sync
48bc30|src/game/TView.cpp|manual|marker_sync
48bc60|src/game/TView.cpp|manual|marker_sync
48bce0|src/game/TView.cpp|manual|marker_sync
48bef0|src/game/TView.cpp|manual|marker_sync
48bfd0|src/game/TView.cpp|manual|marker_sync
48c000|src/game/TView.cpp|manual|marker_sync
48c050|src/game/TView.cpp|manual|marker_sync
48c080|src/game/TView.cpp|manual|marker_sync
48c1c0|src/game/TView.cpp|manual|marker_sync
48c1e0|src/game/TView.cpp|manual|marker_sync
48c220|src/game/TView.cpp|manual|marker_sync
48c250|src/game/TView.cpp|manual|marker_sync
48c380|src/game/TView.cpp|manual|marker_sync
48c450|src/game/TView.cpp|manual|marker_sync
48c590|src/game/TView.cpp|manual|marker_sync
48c6d0|src/game/TView.cpp|manual|marker_sync
48c750|src/game/TView.cpp|manual|marker_sync
48c7a0|src/game/TView.cpp|manual|marker_sync
48c7d0|src/game/TView.cpp|manual|marker_sync
48c820|src/game/TView.cpp|manual|marker_sync
48c890|src/game/TView.cpp|manual|marker_sync
48c900|src/game/TView.cpp|manual|marker_sync
48c970|src/game/TView.cpp|manual|marker_sync
48c990|src/game/TView.cpp|manual|marker_sync
48c9e0|src/game/TView.cpp|manual|marker_sync
48ca00|src/game/TView.cpp|manual|marker_sync
48ca20|src/game/TView.cpp|manual|marker_sync
48ca40|src/game/TView.cpp|manual|marker_sync
48e500|src/game/TControl.cpp|manual|marker_sync
48e520|src/game/TControl.cpp|manual|marker_sync
48e590|src/game/TControl.cpp|manual|marker_sync
48e640|src/game/TControl.cpp|manual|marker_sync
48e710|src/game/TControl.cpp|manual|marker_sync
48e7a0|src/game/TControl.cpp|manual|marker_sync
48e7d0|src/game/TControl.cpp|manual|marker_sync
48e810|src/game/TControl.cpp|manual|marker_sync
48e850|src/game/TControl.cpp|manual|marker_sync
48e940|src/game/TControl.cpp|manual|marker_sync
48e980|src/game/TControl.cpp|manual|marker_sync
48e9c0|src/game/TControl.cpp|manual|marker_sync
48e9e0|src/game/TControl.cpp|manual|marker_sync
48eaf0|src/game/TButton.cpp|manual|marker_sync
48ece0|src/game/TButton.cpp|manual|marker_sync
48efc0|src/game/TPictureResourceEntryBase.cpp|manual|marker_sync
48f250|src/game/TPictureResourceEntryBase.cpp|manual|marker_sync
48f3c0|src/game/TPictureResourceEntryBase.cpp|manual|marker_sync
48f520|src/game/TPictureResourceEntryBase.cpp|manual|marker_sync
48f570|src/game/TPictureResourceEntryBase.cpp|manual|marker_sync
48f640|src/game/TPictureResourceEntryBase.cpp|manual|marker_sync
48f710|src/game/TStaticText.cpp|manual|marker_sync
48f870|src/game/TStaticText.cpp|manual|marker_sync
48f890|src/game/TStaticText.cpp|manual|marker_sync
48f9a0|src/game/TStaticText.cpp|manual|marker_sync
48fc00|src/game/TStaticText.cpp|manual|marker_sync
48ffb0|src/game/TStaticText.cpp|manual|marker_sync
4913e0|src/game/TCluster.cpp|manual|marker_sync
491400|src/game/TCluster.cpp|manual|marker_sync
491480|src/game/TCluster.cpp|manual|marker_sync
491650|src/game/TCluster.cpp|manual|marker_sync
491770|src/game/TCluster.cpp|manual|marker_sync
491790|src/game/TCluster.cpp|manual|marker_sync
4918a0|src/game/TCluster.cpp|manual|marker_sync
492d00|src/game/noop_slots.cpp|manual|marker_sync
492d20|src/game/noop_slots.cpp|manual|marker_sync
492d40|src/game/noop_slots.cpp|manual|marker_sync
492d60|src/game/noop_slots.cpp|manual|marker_sync
492de0|src/game/TButton.cpp|manual|marker_sync
494700|src/game/ScopedMapQuickDrawContext.cpp|manual|marker_sync
4948b0|src/game/ScopedMapQuickDrawContext.cpp|manual|marker_sync
495000|src/game/quickdraw_globals.cpp|manual|marker_sync
495310|src/game/quickdraw_globals.cpp|manual|marker_sync
4953a0|src/game/quickdraw_globals.cpp|manual|marker_sync
495610|src/game/ClipStateRegion.cpp|manual|marker_sync
495820|src/game/ClipStateRegion.cpp|manual|marker_sync
495a30|src/game/quickdraw_globals.cpp|manual|marker_sync
4972e0|src/game/noop_slots.cpp|manual|marker_sync
497320|src/game/QuickDrawSurfaceGuard.cpp|manual|marker_sync
497390|src/game/QuickDrawSurfaceGuard.cpp|manual|marker_sync
498c60|src/game/noop_slots.cpp|manual|marker_sync
498c80|src/game/noop_slots.cpp|manual|marker_sync
498ca0|src/game/noop_slots.cpp|manual|marker_sync
49bfb0|src/game/noop_slots.cpp|manual|marker_sync
49d620|src/game/ui_invalidation_guard.cpp|manual|marker_sync
49e660|src/game/noop_slots.cpp|manual|marker_sync
49e680|src/game/noop_slots.cpp|manual|marker_sync
49eb00|src/game/CString.cpp|manual|marker_sync
49fde0|src/game/TOneTimeAnimation.cpp|manual|marker_sync
4a0190|src/game/TFocusAnimation.cpp|manual|marker_sync
4a05c0|src/game/TTransFocusAnimation.cpp|manual|marker_sync
4a0770|src/game/TTransFocusAnimation.cpp|manual|marker_sync
4a5aa0|src/game/TCountry.cpp|manual|marker_sync
4aad20|src/game/noop_slots.cpp|manual|marker_sync
4ab800|src/game/noop_slots.cpp|manual|marker_sync
4b1410|src/game/noop_slots.cpp|manual|marker_sync
4b1990|src/game/noop_slots.cpp|manual|marker_sync
4b2490|src/game/TCity.cpp|manual|marker_sync
4b24b0|src/game/TCity.cpp|manual|marker_sync
4b2520|src/game/TCity.cpp|manual|marker_sync
4b2550|src/game/TCity.cpp|manual|marker_sync
4b30a0|src/game/TCity.cpp|manual|marker_sync
4b35d0|src/game/TCity.cpp|manual|marker_sync
4b3a60|src/game/TCity.cpp|manual|marker_sync
4b3b20|src/game/TCity.cpp|manual|marker_sync
4b3b40|src/game/TCity.cpp|manual|marker_sync
4b3de0|src/game/TCity.cpp|manual|marker_sync
4b3e70|src/game/TCity.cpp|manual|marker_sync
4b3fb0|src/game/TCity.cpp|manual|marker_sync
4b4040|src/game/TCity.cpp|manual|marker_sync
4b4090|src/game/TCity.cpp|manual|marker_sync
4b40e0|src/game/TCity.cpp|manual|marker_sync
4b4180|src/game/TCity.cpp|manual|marker_sync
4b4210|src/game/TCity.cpp|manual|marker_sync
4b4230|src/game/TCity.cpp|manual|marker_sync
4b4260|src/game/TCity.cpp|manual|marker_sync
4b44d0|src/game/TCity.cpp|manual|marker_sync
4b4540|src/game/TCity.cpp|manual|marker_sync
4b4580|src/game/TCity.cpp|manual|marker_sync
4b46c0|src/game/TCity.cpp|manual|marker_sync
4b46e0|src/game/TCity.cpp|manual|marker_sync
4b48a0|src/game/TCity.cpp|manual|marker_sync
4b4940|src/game/TCity.cpp|manual|marker_sync
4b4c80|src/game/TCity.cpp|manual|marker_sync
4b4cc0|src/game/TCity.cpp|manual|marker_sync
4b4d00|src/game/TCity.cpp|manual|marker_sync
4b4d50|src/game/TCity.cpp|manual|marker_sync
4b4dc0|src/game/TCity.cpp|manual|marker_sync
4b50e0|src/game/noop_slots.cpp|manual|marker_sync
4b5140|src/game/noop_slots.cpp|manual|marker_sync
4b5160|src/game/noop_slots.cpp|manual|marker_sync
4b5180|src/game/TCityOrderItem.cpp|manual|marker_sync
4b6f00|src/game/noop_slots.cpp|manual|marker_sync
4b73b0|src/game/TCityRecruitmentOrderContext.cpp|manual|marker_sync
4b7c20|src/game/noop_slots.cpp|manual|marker_sync
4b80a0|src/game/noop_slots.cpp|manual|marker_sync
4b8420|src/game/noop_slots.cpp|manual|marker_sync
4b85a0|src/game/TCapacityOrder.cpp|manual|marker_sync
4b8630|src/game/TCapacityOrder.cpp|manual|marker_sync
4b86d0|src/game/TCapacityOrder.cpp|manual|marker_sync
4b8800|src/game/TCapacityOrder.cpp|manual|marker_sync
4b8970|src/game/TCapacityOrder.cpp|manual|marker_sync
4b8b80|src/game/TCapacityOrder.cpp|manual|marker_sync
4b8cc0|src/game/TCapacityOrder.cpp|manual|marker_sync
4b8d00|src/game/TCapacityOrder.cpp|manual|marker_sync
4b8d50|src/game/TCapacityOrder.cpp|manual|marker_sync
4b8dd0|src/game/TCapacityOrder.cpp|manual|marker_sync
4badd0|src/game/TCityProductionView.cpp|manual|marker_sync
4bc9b0|src/game/TCityProductionView.cpp|manual|marker_sync
4be190|src/game/noop_slots.cpp|manual|marker_sync
4be1d0|src/game/TInteriorMinister.cpp|manual|marker_sync
4be3f0|src/game/noop_slots.cpp|manual|marker_sync
4be410|src/game/noop_slots.cpp|manual|marker_sync
4be430|src/game/noop_slots.cpp|manual|marker_sync
4be6d0|src/game/noop_slots.cpp|manual|marker_sync
4be840|src/game/TCityInteriorMinister.cpp|manual|marker_sync
4be8d0|src/game/TCityInteriorMinister.cpp|manual|marker_sync
4bff60|src/game/noop_slots.cpp|manual|marker_sync
4c59e0|src/game/TCityMinisterPersonalities.cpp|manual|marker_sync
4c5ce0|src/game/TCityMinisterPersonalities.cpp|manual|marker_sync
4c5fe0|src/game/TCityMinisterPersonalities.cpp|manual|marker_sync
4c62f0|src/game/TCityMinisterPersonalities.cpp|manual|marker_sync
4c6fb0|src/game/noop_slots.cpp|manual|marker_sync
4c6fd0|src/game/noop_slots.cpp|manual|marker_sync
4cc470|src/game/noop_slots.cpp|manual|marker_sync
4d0540|src/game/TEngineerDialog.cpp|manual|marker_sync
4d0560|src/game/TEngineerDialog.cpp|manual|marker_sync
4d0590|src/game/TEngineerDialog.cpp|manual|marker_sync
4d05e0|src/game/TEngineerDialog.cpp|manual|marker_sync
4d0650|src/game/TEngineerDialog.cpp|manual|marker_sync
4d20c0|src/game/noop_slots.cpp|manual|marker_sync
4d4bd0|src/game/noop_slots.cpp|manual|marker_sync
4d6500|src/game/TProvinceDesirabilityList.cpp|manual|marker_sync
4d6570|src/game/TProvinceDesirabilityList.cpp|manual|marker_sync
4d6590|src/game/TProvinceDesirabilityList.cpp|manual|marker_sync
4d65c0|src/game/TProvinceDesirabilityList.cpp|manual|marker_sync
4d6730|src/game/TCountry.cpp|manual|marker_sync
4d6750|src/game/TCountry.cpp|manual|marker_sync
4d6770|src/game/TCountry.cpp|manual|marker_sync
4d6790|src/game/TCountry.cpp|manual|marker_sync
4d67b0|src/game/TCountry.cpp|manual|marker_sync
4d67d0|src/game/TCountry.cpp|manual|marker_sync
4d6850|src/game/TCountry.cpp|manual|marker_sync
4d6ba0|src/game/TCountry.cpp|manual|marker_sync
4d6bf0|src/game/TCountry.cpp|manual|marker_sync
4d6e60|src/game/TCountry.cpp|manual|marker_sync
4d7070|src/game/TCountry.cpp|manual|marker_sync
4d70e0|src/game/TCountry.cpp|manual|marker_sync
4d71b0|src/game/TCountry.cpp|manual|marker_sync
4d7770|src/game/TGreatPower_pending_action.cpp|manual|marker_sync
4d7ae0|src/game/TCountry.cpp|manual|marker_sync
4d7b00|src/game/TCountry.cpp|manual|marker_sync
4d7b20|src/game/TCountry.cpp|manual|marker_sync
4d7c00|src/game/TCountry.cpp|manual|marker_sync
4d7c90|src/game/TCountry.cpp|manual|marker_sync
4d7d20|src/game/TCountry.cpp|manual|marker_sync
4d7d50|src/game/TCountry.cpp|manual|marker_sync
4d7d70|src/game/TCountry.cpp|manual|marker_sync
4d7da0|src/game/TCountry.cpp|manual|marker_sync
4d7dd0|src/game/TCountry.cpp|manual|marker_sync
4d7e90|src/game/TCountry.cpp|manual|marker_sync
4d7eb0|src/game/TAdmiral.cpp|manual|marker_sync
4d7ee0|src/game/TCountry.cpp|manual|marker_sync
4d7f00|src/game/TCountry.cpp|manual|marker_sync
4d7f20|src/game/TCountry.cpp|manual|marker_sync
4d7f40|src/game/TCountry.cpp|manual|marker_sync
4d7f60|src/game/TCountry.cpp|manual|marker_sync
4d7f80|src/game/TCountry.cpp|manual|marker_sync
4d7fa0|src/game/TCountry.cpp|manual|marker_sync
4d7fc0|src/game/TCountry.cpp|manual|marker_sync
4d7fe0|src/game/TCountry.cpp|manual|marker_sync
4d8000|src/game/TCountry.cpp|manual|marker_sync
4d8390|src/game/TCountry.cpp|manual|marker_sync
4d83c0|src/game/TCountry.cpp|manual|marker_sync
4d87b0|src/game/TCountry.cpp|manual|marker_sync
4d87e0|src/game/TCountry.cpp|manual|marker_sync
4d8920|src/game/TCountry.cpp|manual|marker_sync
4d8950|src/game/TGreatPower.cpp|manual|marker_sync
4d89d0|src/game/TGreatPower.cpp|manual|marker_sync
4d89f0|src/game/TGreatPower.cpp|manual|marker_sync
4d8bc0|src/game/TGreatPower.cpp|manual|marker_sync
4d8be0|src/game/TGreatPower.cpp|manual|marker_sync
4d8c00|src/game/TGreatPower_ministers.cpp|manual|marker_sync
4d8c20|src/game/TGreatPower.cpp|manual|marker_sync
4d8c50|src/game/TGreatPower.cpp|manual|marker_sync
4d8cc0|src/game/TGreatPower.cpp|manual|marker_sync
4d9160|src/game/TGreatPower.cpp|manual|marker_sync
4d92e0|src/game/TGreatPower.cpp|manual|marker_sync
4d9c70|src/game/TGreatPower.cpp|manual|marker_sync
4da3e0|src/game/TGreatPower.cpp|manual|marker_sync
4da500|src/game/TGreatPower.cpp|manual|marker_sync
4da5c0|src/game/TGreatPower.cpp|manual|marker_sync
4da5e0|src/game/TGreatPower.cpp|manual|marker_sync
4da860|src/game/TGreatPower.cpp|manual|marker_sync
4da8a0|src/game/TGreatPower.cpp|manual|marker_sync
4daa10|src/game/TGreatPower.cpp|manual|marker_sync
4daa50|src/game/TGreatPower.cpp|manual|marker_sync
4daa80|src/game/TGreatPower.cpp|manual|marker_sync
4dab00|src/game/TGreatPower.cpp|manual|marker_sync
4dab20|src/game/TGreatPower_pending_action.cpp|manual|marker_sync
4dae70|src/game/TGreatPower.cpp|manual|marker_sync
4daf00|src/game/TGreatPower.cpp|manual|marker_sync
4daf30|src/game/TGreatPower.cpp|manual|marker_sync
4db380|src/game/TGreatPower.cpp|manual|marker_sync
4db7d0|src/game/TGreatPower.cpp|manual|marker_sync
4dbac0|src/game/TGreatPower.cpp|manual|marker_sync
4dbd20|src/game/TGreatPower.cpp|manual|marker_sync
4dbf00|src/game/TGreatPower.cpp|manual|marker_sync
4dc3f0|src/game/TGreatPower.cpp|manual|marker_sync
4dc440|src/game/TGreatPower.cpp|manual|marker_sync
4dc4c0|src/game/TGreatPower.cpp|manual|marker_sync
4dc540|src/game/TGreatPower.cpp|manual|marker_sync
4dc660|src/game/TGreatPower.cpp|manual|marker_sync
4dc840|src/game/TGreatPower.cpp|manual|marker_sync
4dc9f0|src/game/TGreatPower.cpp|manual|marker_sync
4dca60|src/game/TGreatPower.cpp|manual|marker_sync
4dca80|src/game/TGreatPower.cpp|manual|marker_sync
4dcaa0|src/game/TGreatPower.cpp|manual|marker_sync
4dcc30|src/game/TGreatPower.cpp|manual|marker_sync
4dcc50|src/game/TGreatPower.cpp|manual|marker_sync
4dcca0|src/game/TGreatPower.cpp|manual|marker_sync
4dcd10|src/game/TGreatPower.cpp|manual|marker_sync
4dcdd0|src/game/TGreatPower.cpp|manual|marker_sync
4dce10|src/game/TGreatPower.cpp|manual|marker_sync
4dce40|src/game/TGreatPower.cpp|manual|marker_sync
4dce70|src/game/TGreatPower.cpp|manual|marker_sync
4dce90|src/game/TGreatPower.cpp|manual|marker_sync
4dcf10|src/game/TGreatPower.cpp|manual|marker_sync
4dcf60|src/game/TGreatPower.cpp|manual|marker_sync
4dcfd0|src/game/TGreatPower.cpp|manual|marker_sync
4dd040|src/game/TGreatPower.cpp|manual|marker_sync
4dd0c0|src/game/TGreatPower.cpp|manual|marker_sync
4dd140|src/game/TGreatPower.cpp|manual|marker_sync
4dd1b0|src/game/TGreatPower.cpp|manual|marker_sync
4dd270|src/game/TGreatPower.cpp|manual|marker_sync
4dd310|src/game/TGreatPower.cpp|manual|marker_sync
4dd340|src/game/TGreatPower.cpp|manual|marker_sync
4dd3b0|src/game/TGreatPower.cpp|manual|marker_sync
4dd3f0|src/game/TGreatPower.cpp|manual|marker_sync
4dd430|src/game/TGreatPower.cpp|manual|marker_sync
4dd470|src/game/TGreatPower.cpp|manual|marker_sync
4dd4e0|src/game/TGreatPower.cpp|manual|marker_sync
4dd740|src/game/TGreatPower.cpp|manual|marker_sync
4dd770|src/game/TGreatPower.cpp|manual|marker_sync
4dd7b0|src/game/TGreatPower.cpp|manual|marker_sync
4dd7f0|src/game/TGreatPower.cpp|manual|marker_sync
4dda20|src/game/TGreatPower.cpp|manual|marker_sync
4dda40|src/game/TGreatPower.cpp|manual|marker_sync
4dda60|src/game/TGreatPower.cpp|manual|marker_sync
4dda90|src/game/TGreatPower.cpp|manual|marker_sync
4ddad0|src/game/TGreatPower.cpp|manual|marker_sync
4ddb20|src/game/TGreatPower.cpp|manual|marker_sync
4ddb40|src/game/TGreatPower.cpp|manual|marker_sync
4ddb80|src/game/TGreatPower.cpp|manual|marker_sync
4ddbb0|src/game/TGreatPower.cpp|manual|marker_sync
4ddc30|src/game/TGreatPower.cpp|manual|marker_sync
4ddd20|src/game/TGreatPower.cpp|manual|marker_sync
4ddd50|src/game/TGreatPower.cpp|manual|marker_sync
4ddd90|src/game/TGreatPower.cpp|manual|marker_sync
4dde30|src/game/TGreatPower.cpp|manual|marker_sync
4dde80|src/game/TGreatPower.cpp|manual|marker_sync
4ddeb0|src/game/TGreatPower.cpp|manual|marker_sync
4ddf20|src/game/TGreatPower.cpp|manual|marker_sync
4ddf90|src/game/TGreatPower.cpp|manual|marker_sync
4ddfc0|src/game/TGreatPower.cpp|manual|marker_sync
4de2b0|src/game/TGreatPower.cpp|manual|marker_sync
4de2d0|src/game/TGreatPower.cpp|manual|marker_sync
4de340|src/game/TGreatPower.cpp|manual|marker_sync
4de5e0|src/game/TGreatPower.cpp|manual|marker_sync
4de700|src/game/TGreatPower.cpp|manual|marker_sync
4de790|src/game/TGreatPower.cpp|manual|marker_sync
4de7e0|src/game/TGreatPower.cpp|manual|marker_sync
4de810|src/game/TGreatPower.cpp|manual|marker_sync
4de860|src/game/TGreatPower.cpp|manual|marker_sync
4deca0|src/game/TGreatPower.cpp|manual|marker_sync
4dedf0|src/game/TGreatPower.cpp|manual|marker_sync
4defd0|src/game/TGreatPower.cpp|manual|marker_sync
4df010|src/game/TGreatPower.cpp|manual|marker_sync
4df370|src/game/TGreatPower.cpp|manual|marker_sync
4df4b0|src/game/TGreatPower.cpp|manual|marker_sync
4df580|src/game/TGreatPower.cpp|manual|marker_sync
4df5a0|src/game/TGreatPower_diplomacy.cpp|manual|marker_sync
4df5c0|src/game/TGreatPower.cpp|manual|marker_sync
4df5f0|src/game/TGreatPower.cpp|manual|marker_sync
4df810|src/game/TGreatPower.cpp|manual|marker_sync
4dfa20|src/game/TGreatPower.cpp|manual|marker_sync
4dfae0|src/game/TGreatPower.cpp|manual|marker_sync
4e00d0|src/game/TGreatPower.cpp|manual|marker_sync
4e0140|src/game/TGreatPower.cpp|manual|marker_sync
4e01b0|src/game/TGreatPower.cpp|manual|marker_sync
4e0220|src/game/TGreatPower.cpp|manual|marker_sync
4e0290|src/game/TGreatPower.cpp|manual|marker_sync
4e03a0|src/game/TGreatPower.cpp|manual|marker_sync
4e03d0|src/game/TGreatPower.cpp|manual|marker_sync
4e0400|src/game/TGreatPower.cpp|manual|marker_sync
4e0420|src/game/TGreatPower.cpp|manual|marker_sync
4e0440|src/game/TGreatPower.cpp|manual|marker_sync
4e0460|src/game/TShip.cpp|manual|marker_sync
4e04b0|src/game/TShip.cpp|manual|marker_sync
4e0500|src/game/TGreatPower.cpp|manual|marker_sync
4e0550|src/game/TGreatPower.cpp|manual|marker_sync
4e0590|src/game/TGreatPower.cpp|manual|marker_sync
4e05d0|src/game/TGreatPower.cpp|manual|marker_sync
4e0610|src/game/TGreatPower.cpp|manual|marker_sync
4e0650|src/game/TGreatPower.cpp|manual|marker_sync
4e0690|src/game/TGreatPower.cpp|manual|marker_sync
4e06d0|src/game/TGreatPower.cpp|manual|marker_sync
4e0740|src/game/TGreatPower.cpp|manual|marker_sync
4e07b0|src/game/TGreatPower.cpp|manual|marker_sync
4e0890|src/game/TGreatPower.cpp|manual|marker_sync
4e09a0|src/game/TGreatPower.cpp|manual|marker_sync
4e0b20|src/game/TGreatPower.cpp|manual|marker_sync
4e0c10|src/game/TGreatPower.cpp|manual|marker_sync
4e0d80|src/game/TGreatPower.cpp|manual|marker_sync
4e0e70|src/game/TGreatPower.cpp|manual|marker_sync
4e0fe0|src/game/TGreatPower.cpp|manual|marker_sync
4e1170|src/game/TGreatPower.cpp|manual|marker_sync
4e1300|src/game/TGreatPower.cpp|manual|marker_sync
4e1490|src/game/TGreatPower.cpp|manual|marker_sync
4e1620|src/game/TGreatPower.cpp|manual|marker_sync
4e1750|src/game/TGreatPower.cpp|manual|marker_sync
4e1910|src/game/TGreatPower.cpp|manual|marker_sync
4e1a40|src/game/TGreatPower.cpp|manual|marker_sync
4e1c00|src/game/TGreatPower.cpp|manual|marker_sync
4e1c20|src/game/TGreatPower.cpp|manual|marker_sync
4e1d50|src/game/TGreatPower.cpp|manual|marker_sync
4e1e40|src/game/TGreatPower.cpp|manual|marker_sync
4e1f20|src/game/TGreatPower.cpp|manual|marker_sync
4e1f40|src/game/TGreatPower.cpp|manual|marker_sync
4e2190|src/game/TGreatPower.cpp|manual|marker_sync
4e21b0|src/game/TGreatPower.cpp|manual|marker_sync
4e2270|src/game/TGreatPower.cpp|manual|marker_sync
4e22b0|src/game/TGreatPower.cpp|manual|marker_sync
4e2330|src/game/TGreatPower.cpp|manual|marker_sync
4e2500|src/game/TGreatPower.cpp|manual|marker_sync
4e25c0|src/game/TGreatPower.cpp|manual|marker_sync
4e2630|src/game/TGreatPower.cpp|manual|marker_sync
4e2720|src/game/TGreatPower.cpp|manual|marker_sync
4e27b0|src/game/TGreatPower.cpp|manual|marker_sync
4e27f0|src/game/TGreatPower.cpp|manual|marker_sync
4e2880|src/game/TGreatPower.cpp|manual|marker_sync
4e2b00|src/game/TGreatPower.cpp|manual|marker_sync
4e2b70|src/game/TGreatPower.cpp|manual|marker_sync
4e3660|src/game/TMinor.cpp|manual|marker_sync
4e36f0|src/game/TMinor.cpp|manual|marker_sync
4e3710|src/game/TMinor.cpp|manual|marker_sync
4e3790|src/game/TMinor.cpp|manual|marker_sync
4e41c0|src/game/TMinor.cpp|manual|marker_sync
4e4390|src/game/TMinor.cpp|manual|marker_sync
4e45f0|src/game/TMinor.cpp|manual|marker_sync
4e4630|src/game/TMinor.cpp|manual|marker_sync
4e4660|src/game/TMinor.cpp|manual|marker_sync
4e4680|src/game/TMinor.cpp|manual|marker_sync
4e46a0|src/game/TMinor.cpp|manual|marker_sync
4e49b0|src/game/TMinor.cpp|manual|marker_sync
4e4bd0|src/game/TMinor.cpp|manual|marker_sync
4e4ee0|src/game/TMinor.cpp|manual|marker_sync
4e4f50|src/game/TMinor.cpp|manual|marker_sync
4e4fa0|src/game/TMinor.cpp|manual|marker_sync
4e4ff0|src/game/TMinor.cpp|manual|marker_sync
4e50d0|src/game/TMinor.cpp|manual|marker_sync
4e5300|src/game/TMinor.cpp|manual|marker_sync
4e5340|src/game/TMinor.cpp|manual|marker_sync
4e5730|src/game/TMinor.cpp|manual|marker_sync
4e5840|src/game/TMinor.cpp|manual|marker_sync
4e59d0|src/game/TMinor.cpp|manual|marker_sync
4e5a40|src/game/TMinor.cpp|manual|marker_sync
4e5ac0|src/game/TMinor.cpp|manual|marker_sync
4e5be0|src/game/TMinor.cpp|manual|marker_sync
4e5d90|src/game/TMinor.cpp|manual|marker_sync
4e64a0|src/game/TMinor.cpp|manual|marker_sync
4e64f0|src/game/TMinor.cpp|manual|marker_sync
4e6610|src/game/noop_slots.cpp|manual|marker_sync
4e6b10|src/game/TAutoGreatPower.cpp|manual|marker_sync
4e6b30|src/game/TAutoGreatPower.cpp|manual|marker_sync
4e6b50|src/game/TAutoGreatPower.cpp|manual|marker_sync
4e6b80|src/game/TAutoGreatPower.cpp|manual|marker_sync
4e6bb0|src/game/TAutoGreatPower.cpp|manual|marker_sync
4e7230|src/game/TAutoGreatPower.cpp|manual|marker_sync
4e72c0|src/game/TGreatPower.cpp|manual|marker_sync
4e73f0|src/game/TGreatPower.cpp|manual|marker_sync
4e7510|src/game/TAutoGreatPower.cpp|manual|marker_sync
4e7550|src/game/TAutoGreatPower.cpp|manual|marker_sync
4e7590|src/game/TAutoGreatPower.cpp|manual|marker_sync
4e7630|src/game/TGreatPower.cpp|manual|marker_sync
4e7680|src/game/TAutoGreatPower.cpp|manual|marker_sync
4e7810|src/game/TAutoGreatPower.cpp|manual|marker_sync
4e78d0|src/game/TGreatPower.cpp|manual|marker_sync
4e78f0|src/game/TGreatPower.cpp|manual|marker_sync
4e7910|src/game/noop_slots.cpp|manual|marker_sync
4e7930|src/game/noop_slots.cpp|manual|marker_sync
4e7950|src/game/noop_slots.cpp|manual|marker_sync
4e7970|src/game/noop_slots.cpp|manual|marker_sync
4e7990|src/game/TGreatPower.cpp|manual|marker_sync
4e79d0|src/game/TAutoGreatPower.cpp|manual|marker_sync
4e7a50|src/game/TAutoGreatPower.cpp|manual|marker_sync
4e7af0|src/game/TAutoGreatPower.cpp|manual|marker_sync
4e7b20|src/game/TGreatPower.cpp|manual|marker_sync
4e7b50|src/game/TGreatPower.cpp|manual|marker_sync
4e7be0|src/game/TAutoGreatPower.cpp|manual|marker_sync
4e7c50|src/game/TGreatPower.cpp|manual|marker_sync
4e7ca0|src/game/noop_slots.cpp|manual|marker_sync
4e7cc0|src/game/TAutoGreatPower.cpp|manual|marker_sync
4e7ec0|src/game/TAutoGreatPower.cpp|manual|marker_sync
4e8040|src/game/TAutoGreatPower.cpp|manual|marker_sync
4e8540|src/game/TGreatPower.cpp|manual|marker_sync
4e8750|src/game/TGreatPower.cpp|manual|marker_sync
4e9060|src/game/TGreatPower.cpp|manual|marker_sync
4e9a50|src/game/TGreatPower.cpp|manual|marker_sync
4e9ed0|src/game/TGreatPower.cpp|manual|marker_sync
4e9f10|src/game/TAutoGreatPower.cpp|manual|marker_sync
4e9ff0|src/game/TAutoGreatPower.cpp|manual|marker_sync
4ea0e0|src/game/TAutoGreatPower.cpp|manual|marker_sync
4ea150|src/game/TGreatPower.cpp|manual|marker_sync
4ea1c0|src/game/TAutoGreatPower.cpp|manual|marker_sync
4ea290|src/game/TGreatPower.cpp|manual|marker_sync
4ea300|src/game/TAutoGreatPower.cpp|manual|marker_sync
4ea430|src/game/TAutoGreatPower.cpp|manual|marker_sync
4ea450|src/game/TAutoGreatPower.cpp|manual|marker_sync
4ea470|src/game/TGreatPower.cpp|manual|marker_sync
4eb0d0|src/game/TAutoGreatPower.cpp|manual|marker_sync
4ec0a0|src/game/TDefenseMinister.cpp|manual|marker_sync
4ec0c0|src/game/TDefenseMinister.cpp|manual|marker_sync
4ec0e0|src/game/TDefenseMinister.cpp|manual|marker_sync
4ec110|src/game/TDefenseMinister.cpp|manual|marker_sync
4ec160|src/game/TDefenseMinister.cpp|manual|marker_sync
4ec1d0|src/game/TDefenseMinister.cpp|manual|marker_sync
4ec2f0|src/game/TDefenseMinister.cpp|manual|marker_sync
4ec3d0|src/game/TDefenseMinister.cpp|manual|marker_sync
4ec450|src/game/TDefenseMinister.cpp|manual|marker_sync
4ec4c0|src/game/TDefenseMinister.cpp|manual|marker_sync
4ec540|src/game/TDefenseMinister.cpp|manual|marker_sync
4ecbb0|src/game/TDefenseMinister.cpp|manual|marker_sync
4ecf20|src/game/TDefenseMinister.cpp|manual|marker_sync
4ed050|src/game/TDefenseMinister.cpp|manual|marker_sync
4ed4c0|src/game/TDefenseMinister.cpp|manual|marker_sync
4ed4e0|src/game/TDefenseMinisterPersonalities.cpp|manual|marker_sync
4ed510|src/game/TDefenseMinister.cpp|manual|marker_sync
4ed810|src/game/TDefenseMinisterPersonalities.cpp|manual|marker_sync
4edb00|src/game/TDefenseMinisterPersonalities.cpp|manual|marker_sync
4edde0|src/game/TDefenseMinisterPersonalities.cpp|manual|marker_sync
4ee0d0|src/game/TDefenseMinisterPersonalities.cpp|manual|marker_sync
4ee4b0|src/game/TSortedByRelationshipList.cpp|manual|marker_sync
4ee520|src/game/TSortedByRelationshipList.cpp|manual|marker_sync
4ee540|src/game/TSortedByRelationshipList.cpp|manual|marker_sync
4ee570|src/game/TSortedByRelationshipList.cpp|manual|marker_sync
4ee6c0|src/game/TDiplomacyTurnStateManager.cpp|manual|marker_sync
4ee7a0|src/game/TDiplomacyTurnStateManager.cpp|manual|marker_sync
4eef50|src/game/TDiplomacyTurnStateManager.cpp|manual|marker_sync
4ef540|src/game/TDiplomacyTurnStateManager.cpp|manual|marker_sync
4ef590|src/game/TDiplomacyTurnStateManager.cpp|manual|marker_sync
4ef600|src/game/TDiplomacyTurnStateManager.cpp|manual|marker_sync
4ef650|src/game/TDiplomacyTurnStateManager.cpp|manual|marker_sync
4ef700|src/game/TDiplomacyTurnStateManager.cpp|manual|marker_sync
4efc30|src/game/TDiplomacyTurnStateManager.cpp|manual|marker_sync
4efcb0|src/game/TDiplomacyTurnStateManager.cpp|manual|marker_sync
4efe30|src/game/TDiplomacyTurnStateManager.cpp|manual|marker_sync
4efeb0|src/game/TDiplomacyTurnStateManager.cpp|manual|marker_sync
4eff40|src/game/TDiplomacyTurnStateManager.cpp|manual|marker_sync
4f01e0|src/game/TDiplomacyTurnStateManager.cpp|manual|marker_sync
4f09c0|src/game/TDiplomacyTurnStateManager.cpp|manual|marker_sync
4f0a10|src/game/TDiplomacyTurnStateManager.cpp|manual|marker_sync
4f0db0|src/game/TDiplomacyTurnStateManager.cpp|manual|marker_sync
4f19c0|src/game/TDiplomacyTurnStateManager.cpp|manual|marker_sync
4f1b10|src/game/TDiplomacyTurnStateManager.cpp|manual|marker_sync
4f1b40|src/game/TDiplomacyTurnStateManager.cpp|manual|marker_sync
4f1b70|src/game/TDiplomacyTurnStateManager.cpp|manual|marker_sync
4f1f20|src/game/TDiplomacyTurnStateManager.cpp|manual|marker_sync
4f1f50|src/game/TDiplomacyTurnStateManager.cpp|manual|marker_sync
4f1f70|src/game/TDiplomacyTurnStateManager.cpp|manual|marker_sync
4f2050|src/game/TDiplomacyTurnStateManager.cpp|manual|marker_sync
4f2090|src/game/TDiplomacyTurnStateManager.cpp|manual|marker_sync
4f2100|src/game/TDiplomacyTurnStateManager.cpp|manual|marker_sync
4f21f0|src/game/TDiplomacyTurnStateManager.cpp|manual|marker_sync
4f3220|src/game/noop_slots.cpp|manual|marker_sync
4f5e00|src/game/TDiplomacyMapView.cpp|manual|marker_sync
4f5f90|src/game/noop_slots.cpp|manual|marker_sync
4f5fb0|src/game/TDiplomacyMapView.cpp|manual|marker_sync
4f6170|src/game/TDiplomacyMapView.cpp|manual|marker_sync
4f6440|src/game/TDiplomacyMapView.cpp|manual|marker_sync
4f64c0|src/game/TDiplomacyMapView.cpp|manual|marker_sync
4f66c0|src/game/TDiplomacyMapView.cpp|manual|marker_sync
4f6840|src/game/TDiplomacyMapView.cpp|manual|marker_sync
4f6b10|src/game/TDiplomacyMapView.cpp|manual|marker_sync
4f6bd0|src/game/TDiplomacyMapView.cpp|manual|marker_sync
4f7040|src/game/TDiplomacyMapView.cpp|manual|marker_sync
4f7080|src/game/TDiplomacyMapView.cpp|manual|marker_sync
4f70c0|src/game/TDiplomacyMapView.cpp|manual|marker_sync
4f7130|src/game/TDiplomacyMapView.cpp|manual|marker_sync
4f71a0|src/game/TDiplomacyMapView.cpp|manual|marker_sync
4fed50|src/game/noop_slots.cpp|manual|marker_sync
4ffc10|src/game/TGreatPower.cpp|manual|marker_sync
500200|src/game/noop_slots.cpp|manual|marker_sync
500220|src/game/noop_slots.cpp|manual|marker_sync
5033e0|src/game/noop_slots.cpp|manual|marker_sync
503400|src/game/noop_slots.cpp|manual|marker_sync
512b50|src/game/TGlobalMapState.cpp|manual|marker_sync
512cc0|src/game/TGlobalMapState.cpp|manual|marker_sync
513290|src/game/TGlobalMapState.cpp|manual|marker_sync
514c80|src/game/TGlobalMapState.cpp|manual|marker_sync
515de0|src/game/noop_slots.cpp|manual|marker_sync
515e00|src/game/TMapOrderContext.cpp|manual|marker_sync
517c30|src/game/TGlobalMapState.cpp|manual|marker_sync
518960|src/game/TGlobalMapState.cpp|manual|marker_sync
519e00|src/game/TMapDialog.cpp|manual|marker_sync
51a990|src/game/TMapDialog.cpp|manual|marker_sync
51ac40|src/game/TMapDialog.cpp|manual|marker_sync
51adc0|src/game/TMapDialog.cpp|manual|marker_sync
523640|src/game/TMapDialog.cpp|manual|marker_sync
523b70|src/game/TMapDialog.cpp|manual|marker_sync
523ff0|src/game/TMapDialog.cpp|manual|marker_sync
525730|src/game/TMapDialog.cpp|manual|marker_sync
52eb60|src/game/TMinister.cpp|manual|marker_sync
52eb80|src/game/TMinister.cpp|manual|marker_sync
52eba0|src/game/TMinister.cpp|manual|marker_sync
52ebd0|src/game/TMinister.cpp|manual|marker_sync
52ebf0|src/game/TMinister.cpp|manual|marker_sync
52ec80|src/game/TMinister.cpp|manual|marker_sync
52ecc0|src/game/TMinister.cpp|manual|marker_sync
52ecf0|src/game/TMinister.cpp|manual|marker_sync
52ed20|src/game/TMinister.cpp|manual|marker_sync
52ed50|src/game/TMinister.cpp|manual|marker_sync
52ee20|src/game/TMinister.cpp|manual|marker_sync
52eea0|src/game/TMinister.cpp|manual|marker_sync
52ef20|src/game/TMinister.cpp|manual|marker_sync
52ef50|src/game/TMinister.cpp|manual|marker_sync
52ef80|src/game/TMinister.cpp|manual|marker_sync
52efb0|src/game/TMinister.cpp|manual|marker_sync
52f070|src/game/TForeignMinister.cpp|manual|marker_sync
52f130|src/game/TForeignMinister.cpp|manual|marker_sync
52f7b0|src/game/TForeignMinister.cpp|manual|marker_sync
52f940|src/game/TForeignMinister.cpp|manual|marker_sync
52f9d0|src/game/TForeignMinister.cpp|manual|marker_sync
52fba0|src/game/TForeignMinister.cpp|manual|marker_sync
52fcc0|src/game/TForeignMinister.cpp|manual|marker_sync
52fd80|src/game/noop_slots.cpp|manual|marker_sync
52fda0|src/game/noop_slots.cpp|manual|marker_sync
531110|src/game/TForeignMinister.cpp|manual|marker_sync
5311d0|src/game/TForeignMinisterPersonalities.cpp|manual|marker_sync
531af0|src/game/noop_slots.cpp|manual|marker_sync
531be0|src/game/TForeignMinisterPersonalities.cpp|manual|marker_sync
532780|src/game/TForeignMinisterPersonalities.cpp|manual|marker_sync
5328d0|src/game/noop_slots.cpp|manual|marker_sync
533110|src/game/TForeignMinisterPersonalities.cpp|manual|marker_sync
5338a0|src/game/TForeignMinisterPersonalities.cpp|manual|marker_sync
534010|src/game/TForeignMinisterPersonalities.cpp|manual|marker_sync
534680|src/game/TSortByPriceList.cpp|manual|marker_sync
5346f0|src/game/TSortByPriceList.cpp|manual|marker_sync
534710|src/game/TSortByPriceList.cpp|manual|marker_sync
534740|src/game/TSortByPriceList.cpp|manual|marker_sync
534770|src/game/TSortByPriceList.cpp|manual|marker_sync
5347b0|src/game/TSortByPriceList.cpp|manual|marker_sync
534c00|src/game/TMission.cpp|manual|marker_sync
534c20|src/game/TMission.cpp|manual|marker_sync
534c40|src/game/TMission.cpp|manual|marker_sync
534c60|src/game/TMission.cpp|manual|marker_sync
534c80|src/game/TMission.cpp|manual|marker_sync
534ca0|src/game/TMission.cpp|manual|marker_sync
534cc0|src/game/TMission.cpp|manual|marker_sync
534cf0|src/game/TMission.cpp|manual|marker_sync
534d10|src/game/TMission.cpp|manual|marker_sync
534d30|src/game/TMission.cpp|manual|marker_sync
534d50|src/game/TMission.cpp|manual|marker_sync
534d70|src/game/TMission.cpp|manual|marker_sync
534d90|src/game/TMission.cpp|manual|marker_sync
534db0|src/game/TMission.cpp|manual|marker_sync
534dd0|src/game/TMission.cpp|manual|marker_sync
534df0|src/game/TMission.cpp|manual|marker_sync
534e10|src/game/TMission.cpp|manual|marker_sync
534e30|src/game/TMission.cpp|manual|marker_sync
534e50|src/game/TMission.cpp|manual|marker_sync
534e70|src/game/TMission.cpp|manual|marker_sync
534e90|src/game/TMission.cpp|manual|marker_sync
534eb0|src/game/TMission.cpp|manual|marker_sync
534ed0|src/game/TMission.cpp|manual|marker_sync
534ef0|src/game/TMission.cpp|manual|marker_sync
534f10|src/game/TMission.cpp|manual|marker_sync
534f30|src/game/TMission.cpp|manual|marker_sync
534f50|src/game/TMission.cpp|manual|marker_sync
534f70|src/game/TMission.cpp|manual|marker_sync
534f90|src/game/TMission.cpp|manual|marker_sync
534fb0|src/game/TMission.cpp|manual|marker_sync
535020|src/game/TMission.cpp|manual|marker_sync
535050|src/game/TMission.cpp|manual|marker_sync
535080|src/game/TMission.cpp|manual|marker_sync
5354c0|src/game/noop_slots.cpp|manual|marker_sync
5354e0|src/game/noop_slots.cpp|manual|marker_sync
535500|src/game/noop_slots.cpp|manual|marker_sync
5355b0|src/game/noop_slots.cpp|manual|marker_sync
5355d0|src/game/noop_slots.cpp|manual|marker_sync
535640|src/game/noop_slots.cpp|manual|marker_sync
535660|src/game/noop_slots.cpp|manual|marker_sync
535680|src/game/noop_slots.cpp|manual|marker_sync
5356f0|src/game/noop_slots.cpp|manual|marker_sync
535790|src/game/noop_slots.cpp|manual|marker_sync
5357b0|src/game/noop_slots.cpp|manual|marker_sync
535820|src/game/TMission.cpp|manual|marker_sync
5358a0|src/game/TMission.cpp|manual|marker_sync
5389f0|src/game/TNavyMission.cpp|manual|marker_sync
538bf0|src/game/TNavyMission.cpp|manual|marker_sync
539920|src/game/noop_slots.cpp|manual|marker_sync
539940|src/game/noop_slots.cpp|manual|marker_sync
53a390|src/game/noop_slots.cpp|manual|marker_sync
53a3b0|src/game/noop_slots.cpp|manual|marker_sync
53aa50|src/game/noop_slots.cpp|manual|marker_sync
53aa70|src/game/noop_slots.cpp|manual|marker_sync
53c1b0|src/game/noop_slots.cpp|manual|marker_sync
53d6f0|src/game/noop_slots.cpp|manual|marker_sync
53e6e0|src/game/TDefendProvinceMission.cpp|manual|marker_sync
53ea70|src/game/TDefendProvinceMission.cpp|manual|marker_sync
53f140|src/game/noop_slots.cpp|manual|marker_sync
53f240|src/game/noop_slots.cpp|manual|marker_sync
53faa0|src/game/noop_slots.cpp|manual|marker_sync
5408c0|src/game/noop_slots.cpp|manual|marker_sync
5408e0|src/game/noop_slots.cpp|manual|marker_sync
540920|src/game/noop_slots.cpp|manual|marker_sync
540aa0|src/game/noop_slots.cpp|manual|marker_sync
540ac0|src/game/TGreatPower.cpp|manual|marker_sync
540b80|src/game/noop_slots.cpp|manual|marker_sync
540f20|src/game/noop_slots.cpp|manual|marker_sync
541080|src/game/TGreatPower.cpp|manual|marker_sync
5410f0|src/game/TGreatPower.cpp|manual|marker_sync
5412b0|src/game/noop_slots.cpp|manual|marker_sync
5412d0|src/game/noop_slots.cpp|manual|marker_sync
5416b0|src/game/TGreatPower.cpp|manual|marker_sync
541840|src/game/noop_slots.cpp|manual|marker_sync
541860|src/game/noop_slots.cpp|manual|marker_sync
541880|src/game/noop_slots.cpp|manual|marker_sync
5418a0|src/game/noop_slots.cpp|manual|marker_sync
5418c0|src/game/noop_slots.cpp|manual|marker_sync
5418e0|src/game/noop_slots.cpp|manual|marker_sync
541900|src/game/noop_slots.cpp|manual|marker_sync
541920|src/game/noop_slots.cpp|manual|marker_sync
541940|src/game/noop_slots.cpp|manual|marker_sync
541960|src/game/noop_slots.cpp|manual|marker_sync
541980|src/game/noop_slots.cpp|manual|marker_sync
5419a0|src/game/noop_slots.cpp|manual|marker_sync
5419c0|src/game/noop_slots.cpp|manual|marker_sync
541a00|src/game/noop_slots.cpp|manual|marker_sync
541a20|src/game/noop_slots.cpp|manual|marker_sync
541a40|src/game/noop_slots.cpp|manual|marker_sync
541a60|src/game/noop_slots.cpp|manual|marker_sync
541c10|src/game/TRemoteMinor.cpp|manual|marker_sync
541c90|src/game/TRemoteMinor.cpp|manual|marker_sync
541cb0|src/game/TRemoteMinor.cpp|manual|marker_sync
541cd0|src/game/TRemoteMinor.cpp|manual|marker_sync
541d00|src/game/TRemoteMinor.cpp|manual|marker_sync
541d70|src/game/TRemoteMinor.cpp|manual|marker_sync
541d90|src/game/TRemoteMinor.cpp|manual|marker_sync
5420a0|src/game/turn_event_packets.cpp|manual|marker_sync
54c5a0|src/game/turn_event_packets.cpp|manual|marker_sync
54c660|src/game/noop_slots.cpp|manual|marker_sync
54c680|src/game/noop_slots.cpp|manual|marker_sync
54c6a0|src/game/noop_slots.cpp|manual|marker_sync
54f500|src/game/TShip.cpp|manual|marker_sync
54f8e0|src/game/TShip.cpp|manual|marker_sync
54fbf0|src/game/TShip.cpp|manual|marker_sync
5505c0|src/game/TShip.cpp|manual|marker_sync
550670|src/game/TMapOrderEntry.cpp|manual|marker_sync
550970|src/game/TShip.cpp|manual|marker_sync
550b60|src/game/TShip.cpp|manual|marker_sync
550e70|src/game/TShip.cpp|manual|marker_sync
550f80|src/game/TMapOrderEntry.cpp|manual|marker_sync
550ff0|src/game/TMapOrderEntry.cpp|manual|marker_sync
551410|src/game/TAdmiral.cpp|manual|marker_sync
551430|src/game/TAdmiral.cpp|manual|marker_sync
551550|src/game/TAdmiral.cpp|manual|marker_sync
551580|src/game/TAdmiral.cpp|manual|marker_sync
5515d0|src/game/TAdmiral.cpp|manual|marker_sync
551670|src/game/TAdmiral.cpp|manual|marker_sync
551700|src/game/TAdmiral.cpp|manual|marker_sync
552250|src/game/TAdmiral.cpp|manual|marker_sync
552450|src/game/TAdmiral.cpp|manual|marker_sync
552510|src/game/TMapOrderEntry.cpp|manual|marker_sync
552590|src/game/TMapOrderEntry.cpp|manual|marker_sync
5525d0|src/game/TMapOrderEntry.cpp|manual|marker_sync
552650|src/game/TMapOrderEntry.cpp|manual|marker_sync
5526e0|src/game/TMapOrderEntry.cpp|manual|marker_sync
5528c0|src/game/TMapOrderEntry.cpp|manual|marker_sync
5528e0|src/game/TMapOrderEntry.cpp|manual|marker_sync
55c970|src/game/TInterNationEventQueueManager.cpp|manual|marker_sync
55c9f0|src/game/TInterNationEventQueueManager.cpp|manual|marker_sync
55cbd0|src/game/TInterNationEventQueueManager.cpp|manual|marker_sync
55e6e0|src/game/TZone.cpp|manual|marker_sync
55e700|src/game/TZone.cpp|manual|marker_sync
55e820|src/game/TZone.cpp|manual|marker_sync
55e840|src/game/TZone.cpp|manual|marker_sync
55e860|src/game/TZone.cpp|manual|marker_sync
55e880|src/game/TZone.cpp|manual|marker_sync
55e8a0|src/game/TZone.cpp|manual|marker_sync
55e8c0|src/game/TZone.cpp|manual|marker_sync
55ec60|src/game/TZone.cpp|manual|marker_sync
55f070|src/game/TZone.cpp|manual|marker_sync
55f090|src/game/TZone.cpp|manual|marker_sync
55f140|src/game/TGreatPower.cpp|manual|marker_sync
55fb60|src/game/TZone.cpp|manual|marker_sync
55fc40|src/game/TMapOrderContext.cpp|manual|marker_sync
55fe60|src/game/TZone.cpp|manual|marker_sync
55fef0|src/game/TZone.cpp|manual|marker_sync
55ff70|src/game/TZone.cpp|manual|marker_sync
560150|src/game/TZone.cpp|manual|marker_sync
560580|src/game/TZone.cpp|manual|marker_sync
5615e0|src/game/TPortZone.cpp|manual|marker_sync
561660|src/game/TPortZone.cpp|manual|marker_sync
561680|src/game/TPortZone.cpp|manual|marker_sync
5616a0|src/game/TPortZone.cpp|manual|marker_sync
5617d0|src/game/TPortZone.cpp|manual|marker_sync
562880|src/game/TZone.cpp|manual|marker_sync
562d90|src/game/TMapOrderContext.cpp|manual|marker_sync
5634a0|src/game/TMapOrderContext.cpp|manual|marker_sync
563540|src/game/TZone.cpp|manual|marker_sync
564530|src/game/TMapOrderContext.cpp|manual|marker_sync
569d50|src/game/noop_slots.cpp|manual|marker_sync
56e370|src/game/TTwoPicSlider.cpp|manual|marker_sync
56e640|src/game/TTwoPicSlider.cpp|manual|marker_sync
56f460|src/game/noop_slots.cpp|manual|marker_sync
56f480|src/game/noop_slots.cpp|manual|marker_sync
5707d0|src/game/TPictureButton.cpp|manual|marker_sync
5707f0|src/game/TPictureButton.cpp|manual|marker_sync
570820|src/game/TPictureButton.cpp|manual|marker_sync
570870|src/game/TPictureButton.cpp|manual|marker_sync
5708c0|src/game/TPictureResourceEntryBase.cpp|manual|marker_sync
570900|src/game/TPictureButton.cpp|manual|marker_sync
570950|src/game/TAlwaysPictureButton.cpp|manual|marker_sync
5709d0|src/game/TAlwaysPictureButton.cpp|manual|marker_sync
5709f0|src/game/TAlwaysPictureButton.cpp|manual|marker_sync
570a20|src/game/TAlwaysPictureButton.cpp|manual|marker_sync
570a70|src/game/TAlwaysPictureButton.cpp|manual|marker_sync
570ae0|src/game/TAlwaysPictureButton.cpp|manual|marker_sync
570b10|src/game/T2PictureButton.cpp|manual|marker_sync
570b90|src/game/T2PictureButton.cpp|manual|marker_sync
570bb0|src/game/T2PictureButton.cpp|manual|marker_sync
570be0|src/game/T2PictureButton.cpp|manual|marker_sync
571050|src/game/TToggleButton.cpp|manual|marker_sync
5710d0|src/game/TToggleButton.cpp|manual|marker_sync
5710f0|src/game/TToggleButton.cpp|manual|marker_sync
571120|src/game/TToggleButton.cpp|manual|marker_sync
571170|src/game/TToggleButton.cpp|manual|marker_sync
5712a0|src/game/TToggleButton.cpp|manual|marker_sync
571330|src/game/TToggleButton.cpp|manual|marker_sync
5713c0|src/game/TUberCluster.cpp|manual|marker_sync
571440|src/game/TUberCluster.cpp|manual|marker_sync
571460|src/game/TUberCluster.cpp|manual|marker_sync
571490|src/game/TUberCluster.cpp|manual|marker_sync
5714e0|src/game/TUberCluster.cpp|manual|marker_sync
571620|src/game/TCivilianButton.cpp|manual|marker_sync
571690|src/game/TCivilianButton.cpp|manual|marker_sync
5716b0|src/game/TCivilianButton.cpp|manual|marker_sync
5717c0|src/game/TRadioPictureButton.cpp|manual|marker_sync
571800|src/game/TRadioPictureButton.cpp|manual|marker_sync
571850|src/game/TCivilianButton.cpp|manual|marker_sync
5723d0|src/game/noop_slots.cpp|manual|marker_sync
572bb0|src/game/noop_slots.cpp|manual|marker_sync
574fc0|src/game/noop_slots.cpp|manual|marker_sync
57ab70|src/game/TTextList.cpp|manual|marker_sync
57ac30|src/game/TTextList.cpp|manual|marker_sync
57acc0|src/game/TTextList.cpp|manual|marker_sync
57af20|src/game/TTextList.cpp|manual|marker_sync
57b760|src/game/noop_slots.cpp|manual|marker_sync
57b900|src/game/turn_flow_cooldown.cpp|manual|marker_sync
57c390|src/game/noop_slots.cpp|manual|marker_sync
5811e0|src/game/TLocalizationRuntime.cpp|manual|marker_sync
581200|src/game/TLocalizationRuntime.cpp|manual|marker_sync
581280|src/game/TDiplomacyTurnStateManager.cpp|manual|marker_sync
582630|src/game/TGreatPower.cpp|manual|marker_sync
583bd0|src/game/TSidewaysArrow.cpp|manual|marker_sync
5846e0|src/game/TBoycottButton.cpp|manual|marker_sync
584760|src/game/TBoycottButton.cpp|manual|marker_sync
584780|src/game/TBoycottButton.cpp|manual|marker_sync
5847b0|src/game/TBoycottButton.cpp|manual|marker_sync
584800|src/game/TBoycottButton.cpp|manual|marker_sync
584890|src/game/T2PictToggleButton.cpp|manual|marker_sync
584910|src/game/T2PictToggleButton.cpp|manual|marker_sync
584930|src/game/T2PictToggleButton.cpp|manual|marker_sync
584960|src/game/T2PictToggleButton.cpp|manual|marker_sync
5849b0|src/game/T2PictToggleButton.cpp|manual|marker_sync
5849d0|src/game/T2PictToggleButton.cpp|manual|marker_sync
585f70|src/game/TUnitToolbarCluster.cpp|manual|marker_sync
585ff0|src/game/TUnitToolbarCluster.cpp|manual|marker_sync
586010|src/game/TUnitToolbarCluster.cpp|manual|marker_sync
586040|src/game/TUnitToolbarCluster.cpp|manual|marker_sync
586090|src/game/TUnitToolbarCluster.cpp|manual|marker_sync
586150|src/game/TUnitToolbarCluster.cpp|manual|marker_sync
586170|src/game/TUnitToolbarCluster.cpp|manual|marker_sync
586280|src/game/TStatusButton.cpp|manual|marker_sync
586310|src/game/TStatusButton.cpp|manual|marker_sync
586330|src/game/TStatusButton.cpp|manual|marker_sync
5863b0|src/game/TStatusButton.cpp|manual|marker_sync
586400|src/game/TStatusButton.cpp|manual|marker_sync
586590|src/game/TCityBarCluster.cpp|manual|marker_sync
586610|src/game/TCityBarCluster.cpp|manual|marker_sync
586630|src/game/TCityBarCluster.cpp|manual|marker_sync
586660|src/game/TCityBarCluster.cpp|manual|marker_sync
5866b0|src/game/TCityBarCluster.cpp|manual|marker_sync
586840|src/game/TProductionCluster.cpp|manual|marker_sync
586900|src/game/TProductionCluster.cpp|manual|marker_sync
586920|src/game/TProductionCluster.cpp|manual|marker_sync
586970|src/game/TProductionCluster.cpp|manual|marker_sync
5869c0|src/game/TProductionCluster.cpp|manual|marker_sync
586a60|src/game/TProductionCluster.cpp|manual|marker_sync
586a80|src/game/TProductionCluster.cpp|manual|marker_sync
586ab0|src/game/TProductionCluster.cpp|manual|marker_sync
586ad0|src/game/TClosePicture.cpp|manual|marker_sync
586b50|src/game/TClosePicture.cpp|manual|marker_sync
586b70|src/game/TClosePicture.cpp|manual|marker_sync
586ba0|src/game/TClosePicture.cpp|manual|marker_sync
586bf0|src/game/TClosePicture.cpp|manual|marker_sync
586c40|src/game/TAmtBarCluster.cpp|manual|marker_sync
586cc0|src/game/TAmtBarCluster.cpp|manual|marker_sync
586ce0|src/game/TAmtBarCluster.cpp|manual|marker_sync
586d10|src/game/TAmtBarCluster.cpp|manual|marker_sync
586d60|src/game/TUberCluster.cpp|manual|marker_sync
586e50|src/game/TAmtBar.cpp|manual|marker_sync
586e70|src/game/TUberCluster.cpp|manual|marker_sync
586ff0|src/game/TAmtBarCluster.cpp|manual|marker_sync
587010|src/game/TTradeCluster.cpp|manual|marker_sync
587090|src/game/TTradeCluster.cpp|manual|marker_sync
5870b0|src/game/TTradeCluster.cpp|manual|marker_sync
5870e0|src/game/TTradeCluster.cpp|manual|marker_sync
587130|src/game/TTradeCluster.cpp|manual|marker_sync
5873e0|src/game/TTradeCluster.cpp|manual|marker_sync
587900|src/game/TTradeCluster.cpp|manual|marker_sync
587950|src/game/TTradeCluster.cpp|manual|marker_sync
587980|src/game/TTradeCluster.cpp|manual|marker_sync
587a10|src/game/TTradeCluster.cpp|manual|marker_sync
587aa0|src/game/TTradeCluster.cpp|manual|marker_sync
587bb0|src/game/TTradeCluster.cpp|manual|marker_sync
587dd0|src/game/TTradeCluster.cpp|manual|marker_sync
588030|src/game/TTradeCluster.cpp|manual|marker_sync
5882f0|src/game/TTradeCluster.cpp|manual|marker_sync
5884c0|src/game/TAmtBar.cpp|manual|marker_sync
588560|src/game/TAmtBar.cpp|manual|marker_sync
588580|src/game/TAmtBar.cpp|manual|marker_sync
5885c0|src/game/TAmtBar.cpp|manual|marker_sync
588610|src/game/TAmtBar.cpp|manual|marker_sync
588630|src/game/TAmtBar.cpp|manual|marker_sync
588670|src/game/TAmtBar.cpp|manual|marker_sync
588690|src/game/TAmtBar.cpp|manual|marker_sync
588950|src/game/TAmtBar.cpp|manual|marker_sync
588a30|src/game/TIndustryCluster.cpp|manual|marker_sync
588ad0|src/game/TIndustryCluster.cpp|manual|marker_sync
588af0|src/game/TIndustryCluster.cpp|manual|marker_sync
588b20|src/game/TIndustryCluster.cpp|manual|marker_sync
588b70|src/game/TIndustryCluster.cpp|manual|marker_sync
588c30|src/game/TIndustryCluster.cpp|manual|marker_sync
588c60|src/game/TIndustryCluster.cpp|manual|marker_sync
588f60|src/game/TIndustryCluster.cpp|manual|marker_sync
588ff0|src/game/TAmtBarCluster.cpp|manual|marker_sync
589110|src/game/TIndustryAmtBar.cpp|manual|marker_sync
5891b0|src/game/TIndustryAmtBar.cpp|manual|marker_sync
5891d0|src/game/TIndustryAmtBar.cpp|manual|marker_sync
589210|src/game/TIndustryAmtBar.cpp|manual|marker_sync
589260|src/game/TIndustryAmtBar.cpp|manual|marker_sync
589340|src/game/TIndustryAmtBar.cpp|manual|marker_sync
589540|src/game/TIndustryAmtBar.cpp|manual|marker_sync
589660|src/game/TRailCluster.cpp|manual|marker_sync
589700|src/game/TRailCluster.cpp|manual|marker_sync
589720|src/game/TRailCluster.cpp|manual|marker_sync
589760|src/game/TRailCluster.cpp|manual|marker_sync
5897b0|src/game/TRailCluster.cpp|manual|marker_sync
5899c0|src/game/TRailCluster.cpp|manual|marker_sync
5899f0|src/game/TRailCluster.cpp|manual|marker_sync
589d10|src/game/TRailCluster.cpp|manual|marker_sync
589dd0|src/game/TIndustryAmtBar.cpp|manual|marker_sync
589ed0|src/game/TRailAmtBar.cpp|manual|marker_sync
589f70|src/game/TRailAmtBar.cpp|manual|marker_sync
589f90|src/game/TRailAmtBar.cpp|manual|marker_sync
589fd0|src/game/TRailAmtBar.cpp|manual|marker_sync
58a020|src/game/TRailAmtBar.cpp|manual|marker_sync
58a1b0|src/game/TRailAmtBar.cpp|manual|marker_sync
58a1c0|src/game/TRailAmtBar.cpp|manual|marker_sync
58a3b0|src/game/TRailAmtBar.cpp|manual|marker_sync
58a4d0|src/game/TShipyardCluster.cpp|manual|marker_sync
58a570|src/game/TShipyardCluster.cpp|manual|marker_sync
58a590|src/game/TShipyardCluster.cpp|manual|marker_sync
58a5c0|src/game/TShipyardCluster.cpp|manual|marker_sync
58a610|src/game/TShipyardCluster.cpp|manual|marker_sync
58a690|src/game/TShipyardCluster.cpp|manual|marker_sync
58a940|src/game/TShipyardCluster.cpp|manual|marker_sync
58aaa0|src/game/TShipAmtBar.cpp|manual|marker_sync
58ab40|src/game/TShipAmtBar.cpp|manual|marker_sync
58ab60|src/game/TShipAmtBar.cpp|manual|marker_sync
58aba0|src/game/TShipAmtBar.cpp|manual|marker_sync
58abf0|src/game/TShipAmtBar.cpp|manual|marker_sync
58ac80|src/game/TShipAmtBar.cpp|manual|marker_sync
58ae30|src/game/TTraderAmtBar.cpp|manual|marker_sync
58aed0|src/game/TTraderAmtBar.cpp|manual|marker_sync
58af30|src/game/TTraderAmtBar.cpp|manual|marker_sync
58af80|src/game/TTraderAmtBar.cpp|manual|marker_sync
58b040|src/game/TTraderAmtBar.cpp|manual|marker_sync
58b070|src/game/TTraderAmtBar.cpp|manual|marker_sync
58b0f0|src/game/TTraderAmtBar.cpp|manual|marker_sync
58b340|src/game/TCivilianButton.cpp|manual|marker_sync
58b3c0|src/game/TCivilianButton.cpp|manual|marker_sync
58b3e0|src/game/TCivilianButton.cpp|manual|marker_sync
58b410|src/game/TCivilianButton.cpp|manual|marker_sync
58b460|src/game/TCivilianButton.cpp|manual|marker_sync
58b4f0|src/game/TCivilianButton.cpp|manual|marker_sync
58b5c0|src/game/THQButton.cpp|manual|marker_sync
58b640|src/game/THQButton.cpp|manual|marker_sync
58b660|src/game/THQButton.cpp|manual|marker_sync
58b690|src/game/THQButton.cpp|manual|marker_sync
58b6e0|src/game/THQButton.cpp|manual|marker_sync
58b750|src/game/THQButton.cpp|manual|marker_sync
58b7f0|src/game/THQButton.cpp|manual|marker_sync
58b890|src/game/THQButton.cpp|manual|marker_sync
58b8d0|src/game/TNumberedArrowButton.cpp|manual|marker_sync
58b960|src/game/TPlacard.cpp|manual|marker_sync
58b9f0|src/game/TPlacard.cpp|manual|marker_sync
58ba10|src/game/TPlacard.cpp|manual|marker_sync
58ba40|src/game/TPlacard.cpp|manual|marker_sync
58bab0|src/game/TPlacard.cpp|manual|marker_sync
58bb50|src/game/TPlacard.cpp|manual|marker_sync
58bc60|src/game/TPlacard.cpp|manual|marker_sync
58be30|src/game/TArmyPlacard.cpp|manual|marker_sync
58beb0|src/game/TArmyPlacard.cpp|manual|marker_sync
58bed0|src/game/TArmyPlacard.cpp|manual|marker_sync
58bf00|src/game/TArmyPlacard.cpp|manual|marker_sync
58bf50|src/game/TArmyPlacard.cpp|manual|marker_sync
58bfe0|src/game/TArmyPlacard.cpp|manual|marker_sync
58c140|src/game/TArmyPlacard.cpp|manual|marker_sync
58c1e0|src/game/TNumberedArrowButton.cpp|manual|marker_sync
58c280|src/game/TNumberedArrowButton.cpp|manual|marker_sync
58c2a0|src/game/TNumberedArrowButton.cpp|manual|marker_sync
58c2e0|src/game/TNumberedArrowButton.cpp|manual|marker_sync
58c330|src/game/TNumberedArrowButton.cpp|manual|marker_sync
58c360|src/game/TNumberedArrowButton.cpp|manual|marker_sync
58c3d0|src/game/TNumberedArrowButton.cpp|manual|marker_sync
58c640|src/game/TNumberedArrowButton.cpp|manual|marker_sync
58c7c0|src/game/TNumberedArrowButton.cpp|manual|marker_sync
58c830|src/game/TCombatReportView.cpp|manual|marker_sync
58c8b0|src/game/TCombatReportView.cpp|manual|marker_sync
58c8d0|src/game/TCombatReportView.cpp|manual|marker_sync
58c900|src/game/TCombatReportView.cpp|manual|marker_sync
58c950|src/game/TCombatReportView.cpp|manual|marker_sync
58d2b0|src/game/TCombatReportView.cpp|manual|marker_sync
58d950|src/game/TCombatReportView.cpp|manual|marker_sync
58de40|src/game/TArmyToolbar.cpp|manual|marker_sync
58dec0|src/game/TArmyToolbar.cpp|manual|marker_sync
58dee0|src/game/TArmyToolbar.cpp|manual|marker_sync
58df10|src/game/TArmyToolbar.cpp|manual|marker_sync
58e1c0|src/game/TArmyToolbar.cpp|manual|marker_sync
58e330|src/game/TStratReportView.cpp|manual|marker_sync
58e3a0|src/game/TStratReportView.cpp|manual|marker_sync
58e3c0|src/game/TStratReportView.cpp|manual|marker_sync
58e3f0|src/game/TStratReportView.cpp|manual|marker_sync
58e440|src/game/TControl.cpp|manual|marker_sync
58ea00|src/game/TCivToolbar.cpp|manual|marker_sync
58ea80|src/game/TCivToolbar.cpp|manual|marker_sync
58eaa0|src/game/TCivToolbar.cpp|manual|marker_sync
58ead0|src/game/TCivToolbar.cpp|manual|marker_sync
58eb20|src/game/TCivToolbar.cpp|manual|marker_sync
58ec50|src/game/TCivToolbar.cpp|manual|marker_sync
58eed0|src/game/TCivToolbar.cpp|manual|marker_sync
58f050|src/game/TCivDescription.cpp|manual|marker_sync
58f0f0|src/game/TCivDescription.cpp|manual|marker_sync
58f110|src/game/TCivDescription.cpp|manual|marker_sync
58f1a0|src/game/TCivDescription.cpp|manual|marker_sync
58f3c0|src/game/TCivDescription.cpp|manual|marker_sync
58f550|src/game/TCivDescription.cpp|manual|marker_sync
58f7b0|src/game/TCivDescription.cpp|manual|marker_sync
58fec0|src/game/TCivDescription.cpp|manual|marker_sync
590b90|src/game/TCivReport.cpp|manual|marker_sync
590c10|src/game/TCivReport.cpp|manual|marker_sync
590c30|src/game/TCivReport.cpp|manual|marker_sync
590c60|src/game/TCivReport.cpp|manual|marker_sync
590cb0|src/game/TCivReport.cpp|manual|marker_sync
591500|src/game/TArmyInfoView.cpp|manual|marker_sync
591580|src/game/TArmyInfoView.cpp|manual|marker_sync
5915a0|src/game/TArmyInfoView.cpp|manual|marker_sync
5915d0|src/game/TArmyInfoView.cpp|manual|marker_sync
591620|src/game/TArmyInfoView.cpp|manual|marker_sync
591d90|src/game/TTransportPicture.cpp|manual|marker_sync
591e50|src/game/TTransportPicture.cpp|manual|marker_sync
591e70|src/game/TTransportPicture.cpp|manual|marker_sync
591ec0|src/game/TTransportPicture.cpp|manual|marker_sync
591f10|src/game/TTransportPicture.cpp|manual|marker_sync
5921c0|src/game/TTransportPicture.cpp|manual|marker_sync
592830|src/game/TTransportPicture.cpp|manual|marker_sync
592860|src/game/TWarningView.cpp|manual|marker_sync
5928e0|src/game/TWarningView.cpp|manual|marker_sync
592900|src/game/TWarningView.cpp|manual|marker_sync
592930|src/game/TWarningView.cpp|manual|marker_sync
592980|src/game/TWarningView.cpp|manual|marker_sync
592a70|src/game/TWarningView.cpp|manual|marker_sync
5932b0|src/game/TSoundPlayer.cpp|manual|marker_sync
593350|src/game/TSoundPlayer.cpp|manual|marker_sync
593370|src/game/TSoundPlayer.cpp|manual|marker_sync
5933b0|src/game/TSoundPlayer.cpp|manual|marker_sync
5933e0|src/game/TSoundPlayer.cpp|manual|marker_sync
593400|src/game/TSoundPlayer.cpp|manual|marker_sync
594fc0|src/game/TWorldView.cpp|manual|marker_sync
595c40|src/game/TWorldView.cpp|manual|marker_sync
595c70|src/game/TWorldView.cpp|manual|marker_sync
596020|src/game/TWorldView.cpp|manual|marker_sync
596040|src/game/TWorldView.cpp|manual|marker_sync
596060|src/game/TWorldView.cpp|manual|marker_sync
596080|src/game/TWorldView.cpp|manual|marker_sync
5960a0|src/game/TWorldView.cpp|manual|marker_sync
5960c0|src/game/TWorldView.cpp|manual|marker_sync
5960e0|src/game/TWorldView.cpp|manual|marker_sync
596100|src/game/TMapDialog.cpp|manual|marker_sync
596270|src/game/TWorldView.cpp|manual|marker_sync
5962a0|src/game/TWorldView.cpp|manual|marker_sync
5963d0|src/game/TWorldView.cpp|manual|marker_sync
596440|src/game/TWorldView.cpp|manual|marker_sync
5964b0|src/game/TWorldView.cpp|manual|marker_sync
596680|src/game/noop_slots.cpp|manual|marker_sync
5966a0|src/game/noop_slots.cpp|manual|marker_sync
5966c0|src/game/noop_slots.cpp|manual|marker_sync
5966e0|src/game/noop_slots.cpp|manual|marker_sync
59a180|src/game/TTradeCluster.cpp|manual|marker_sync
59ad70|src/game/noop_slots.cpp|manual|marker_sync
59ad90|src/game/noop_slots.cpp|manual|marker_sync
59adb0|src/game/noop_slots.cpp|manual|marker_sync
59add0|src/game/noop_slots.cpp|manual|marker_sync
59ae10|src/game/noop_slots.cpp|manual|marker_sync
59f710|src/game/noop_slots.cpp|manual|marker_sync
5a83c0|src/game/noop_slots.cpp|manual|marker_sync
5ad0d0|src/game/noop_slots.cpp|manual|marker_sync
5ad0f0|src/game/noop_slots.cpp|manual|marker_sync
5aec80|src/game/noop_slots.cpp|manual|marker_sync
5aef80|src/game/TCityOrderCapabilityState.cpp|manual|marker_sync
5aeff0|src/game/TCityOrderCapabilityState.cpp|manual|marker_sync
5b2860|src/game/noop_slots.cpp|manual|marker_sync
5b6c40|src/game/TTownMarker.cpp|manual|marker_sync
5b6c60|src/game/TTownMarker.cpp|manual|marker_sync
5b6cd0|src/game/TTownMarker.cpp|manual|marker_sync
5b7830|src/game/TTownMarker.cpp|manual|marker_sync
5b7a20|src/game/TDealList.cpp|manual|marker_sync
5b7a90|src/game/TDealList.cpp|manual|marker_sync
5b8d70|src/game/TDealList.cpp|manual|marker_sync
5b8fe0|src/game/TDealList.cpp|manual|marker_sync
5b94d0|src/game/TDealList.cpp|manual|marker_sync
5ba090|src/game/TDealList.cpp|manual|marker_sync
5c2470|src/game/TUnitOrderState.cpp|manual|marker_sync
5c2490|src/game/TUnitOrderState.cpp|manual|marker_sync
5c24e0|src/game/TUnitOrderState.cpp|manual|marker_sync
5c2510|src/game/TUnitOrderState.cpp|manual|marker_sync
5c2530|src/game/TUnitOrderState.cpp|manual|marker_sync
5c2610|src/game/TUnitOrderState.cpp|manual|marker_sync
5c2630|src/game/TUnitOrderState.cpp|manual|marker_sync
5c2660|src/game/TUnitOrderState.cpp|manual|marker_sync
5c2680|src/game/TUnitOrderState.cpp|manual|marker_sync
5c2700|src/game/TUnitOrderState.cpp|manual|marker_sync
5c27d0|src/game/TUnitOrderState.cpp|manual|marker_sync
5c28a0|src/game/TCivWorkOrderState.cpp|manual|marker_sync
5c28c0|src/game/TCivWorkOrderState.cpp|manual|marker_sync
5c28f0|src/game/TCivWorkOrderState.cpp|manual|marker_sync
5c2920|src/game/TCivWorkOrderState.cpp|manual|marker_sync
5c2940|src/game/TCivWorkOrderState.cpp|manual|marker_sync
5c29f0|src/game/TCivWorkOrderState.cpp|manual|marker_sync
5c2a90|src/game/TCivWorkOrderState.cpp|manual|marker_sync
5c2b10|src/game/TCivWorkOrderState.cpp|manual|marker_sync
5c2b40|src/game/TCivWorkOrderState.cpp|manual|marker_sync
5c2b70|src/game/TCivWorkOrderState.cpp|manual|marker_sync
5c2c40|src/game/TCivWorkOrderState.cpp|manual|marker_sync
5c2c60|src/game/TCivWorkOrderState.cpp|manual|marker_sync
5c2dd0|src/game/TMilitaryUnitOrderState.cpp|manual|marker_sync
5c2df0|src/game/TMilitaryUnitOrderState.cpp|manual|marker_sync
5c2ed0|src/game/TMilitaryUnitOrderState.cpp|manual|marker_sync
5c2f00|src/game/TMilitaryUnitOrderState.cpp|manual|marker_sync
5c2f50|src/game/TMilitaryUnitOrderState.cpp|manual|marker_sync
5c2fd0|src/game/TMilitaryUnitOrderState.cpp|manual|marker_sync
5c30a0|src/game/TMilitaryUnitOrderState.cpp|manual|marker_sync
5c3190|src/game/TMilitaryUnitOrderState.cpp|manual|marker_sync
5c31c0|src/game/TMilitaryUnitOrderState.cpp|manual|marker_sync
5c3200|src/game/TMilitaryUnitOrderState.cpp|manual|marker_sync
5c3490|src/game/TStationedUnitNode.cpp|manual|marker_sync
5d46b0|src/game/mapped_flavor_text.cpp|manual|marker_sync
5d4720|src/game/mapped_flavor_text.cpp|manual|marker_sync
5d7190|src/game/noop_slots.cpp|manual|marker_sync
5dbd10|src/game/noop_slots.cpp|manual|marker_sync
5dee80|src/game/noop_slots.cpp|manual|marker_sync
5df3f0|src/game/noop_slots.cpp|manual|marker_sync
5df410|src/game/noop_slots.cpp|manual|marker_sync
5df780|src/game/noop_slots.cpp|manual|marker_sync
5e2490|src/game/noop_slots.cpp|manual|marker_sync
5e2b50|src/game/noop_slots.cpp|manual|marker_sync
5e2b70|src/game/noop_slots.cpp|manual|marker_sync
5e33c0|src/game/CArchive.cpp|manual|marker_sync
5e3450|src/game/noop_slots.cpp|manual|marker_sync
5e3490|src/game/noop_slots.cpp|manual|marker_sync
5e34b0|src/game/noop_slots.cpp|manual|marker_sync
5e34f0|src/game/network_error_reporting.cpp|manual|marker_sync
5e3c00|src/game/noop_slots.cpp|manual|marker_sync
5e3d40|src/game/turn_event_packets.cpp|manual|marker_sync
5e42a0|src/game/noop_slots.cpp|manual|marker_sync
5e4e70|src/game/TSoundPlayer.cpp|manual|marker_sync
5e4f60|src/game/TSoundPlayer.cpp|manual|marker_sync
5e4f80|src/game/TSoundPlayer.cpp|manual|marker_sync
5e4fb0|src/game/TSoundPlayer.cpp|manual|marker_sync
5e4fd0|src/game/TSoundPlayer.cpp|manual|marker_sync
5e50a0|src/game/noop_slots.cpp|manual|marker_sync
5e51d0|src/game/TSoundPlayer.cpp|manual|marker_sync
5e6d04|src/game/CArchive.cpp|manual|marker_sync
5e6d27|src/game/CArchive.cpp|manual|marker_sync
5e6d4e|src/game/CArchive.cpp|manual|marker_sync
5e6da3|src/game/CArchive.cpp|manual|marker_sync
5e6dd6|src/game/CArchive.cpp|manual|marker_sync
5e6ea2|src/game/CBrush.cpp|manual|marker_sync
5e717b|src/game/noop_slots.cpp|manual|marker_sync
5e7370|src/game/noop_slots.cpp|manual|marker_sync
5e7980|src/game/CString.cpp|manual|marker_sync
601b74|src/game/CPlex.cpp|manual|marker_sync
601b94|src/game/CPlex.cpp|manual|marker_sync
601baa|src/game/CPtrArray.cpp|manual|marker_sync
601bc1|src/game/TIndexAndRankList.cpp|manual|marker_sync
601bdd|src/game/CPtrArray.cpp|manual|marker_sync
601c14|src/game/CPtrArray.cpp|manual|marker_sync
601de3|src/game/CPtrArray.cpp|manual|marker_sync
601e0a|src/game/CPtrArray.cpp|manual|marker_sync
601e9f|src/game/CPtrArray.cpp|manual|marker_sync
601f1d|src/game/CPtrList.cpp|manual|marker_sync
601f40|src/game/CPtrList.cpp|manual|marker_sync
601f5c|src/game/CPtrList.cpp|manual|marker_sync
601f7c|src/game/CPtrList.cpp|manual|marker_sync
601faf|src/game/CPtrList.cpp|manual|marker_sync
602004|src/game/CPtrList.cpp|manual|marker_sync
60201d|src/game/CPtrList.cpp|manual|marker_sync
602047|src/game/CPtrList.cpp|manual|marker_sync
6020b9|src/game/CPtrList.cpp|manual|marker_sync
6020dd|src/game/CPtrList.cpp|manual|marker_sync
602101|src/game/CPtrList.cpp|manual|marker_sync
602140|src/game/CPtrList.cpp|manual|marker_sync
60217d|src/game/CPtrList.cpp|manual|marker_sync
6021b4|src/game/CPtrList.cpp|manual|marker_sync
6021d6|src/game/CPtrList.cpp|manual|marker_sync
6033dd|src/game/CMapPtrToPtr.cpp|manual|marker_sync
603423|src/game/CMapPtrToPtr.cpp|manual|marker_sync
603481|src/game/CMapPtrToPtr.cpp|manual|marker_sync
6034cb|src/game/CMapPtrToPtr.cpp|manual|marker_sync
6034e4|src/game/CMapPtrToPtr.cpp|manual|marker_sync
60356b|src/game/CMapPtrToPtr.cpp|manual|marker_sync
6035bb|src/game/CMapPtrToPtr.cpp|manual|marker_sync
605791|src/game/CString.cpp|manual|marker_sync
605797|src/game/CString.cpp|manual|marker_sync
6057a7|src/game/CString.cpp|manual|marker_sync
6057de|src/game/CString.cpp|manual|marker_sync
60584a|src/game/CString.cpp|manual|marker_sync
60586d|src/game/CString.cpp|manual|marker_sync
60588b|src/game/CString.cpp|manual|marker_sync
6058b9|src/game/CString.cpp|manual|marker_sync
6058e2|src/game/CString.cpp|manual|marker_sync
605950|src/game/CString.cpp|manual|marker_sync
6059fc|src/game/CString.cpp|manual|marker_sync
605a29|src/game/CString.cpp|manual|marker_sync
605a78|src/game/CString.cpp|manual|marker_sync
605ae0|src/game/CString.cpp|manual|marker_sync
605b21|src/game/CString.cpp|manual|marker_sync
605b87|src/game/CString.cpp|manual|marker_sync
605bfb|src/game/CString.cpp|manual|marker_sync
605c6f|src/game/CString.cpp|manual|marker_sync
605cce|src/game/CString.cpp|manual|marker_sync
605cf5|src/game/CString.cpp|manual|marker_sync
605d0a|src/game/CString.cpp|manual|marker_sync
605d22|src/game/CString.cpp|manual|marker_sync
605d71|src/game/CString.cpp|manual|marker_sync
605d99|src/game/CString.cpp|manual|marker_sync
605dec|src/game/CString.cpp|manual|marker_sync
6067a2|src/game/MfcRuntime.cpp|manual|marker_sync
606c67|src/game/MfcRuntime.cpp|manual|marker_sync
606c7c|src/game/MfcRuntime.cpp|manual|marker_sync
606ddd|src/game/CCmdUI.cpp|manual|marker_sync
606f73|src/game/MfcRuntime.cpp|manual|marker_sync
606faf|src/game/MfcRuntime.cpp|manual|marker_sync
606fba|src/game/CObject.cpp|manual|marker_sync
606fc0|src/game/CObject.cpp|manual|marker_sync
606fd2|src/game/CObject.cpp|manual|marker_sync
607077|src/game/CRuntimeClass.cpp|manual|marker_sync
607673|src/game/MfcRuntime.cpp|manual|marker_sync
607706|src/game/MfcRuntime.cpp|manual|marker_sync
607744|src/game/MfcRuntime.cpp|manual|marker_sync
607782|src/game/MfcRuntime.cpp|manual|marker_sync
6077c0|src/game/MfcRuntime.cpp|manual|marker_sync
607a84|src/game/MfcRuntime.cpp|manual|marker_sync
607bda|src/game/noop_slots.cpp|manual|marker_sync
60d3fc|src/game/MfcRuntime.cpp|manual|marker_sync
6109cf|src/game/CDocument.cpp|manual|marker_sync
6109eb|src/game/CDocument.cpp|manual|marker_sync
610a5f|src/game/CDocument.cpp|manual|marker_sync
610c08|src/game/noop_slots.cpp|manual|marker_sync
61180f|src/game/noop_slots.cpp|manual|marker_sync
611810|src/game/CDocument.cpp|manual|marker_sync
611b7c|src/game/CRuntimeClass.cpp|manual|marker_sync
611d18|src/game/CArchive.cpp|manual|marker_sync
611d26|src/game/CArchive.cpp|manual|marker_sync
611e34|src/game/CArchive.cpp|manual|marker_sync
611f3e|src/game/CArchive.cpp|manual|marker_sync
612000|src/game/CArchive.cpp|manual|marker_sync
6121cd|src/game/CArchive.cpp|manual|marker_sync
6121e1|src/game/CArchive.cpp|manual|marker_sync
61225e|src/game/CArchive.cpp|manual|marker_sync
612315|src/game/CArchive.cpp|manual|marker_sync
61240d|src/game/CArchive.cpp|manual|marker_sync
612682|src/game/CDC.cpp|manual|marker_sync
61274c|src/game/CDC.cpp|manual|marker_sync
612783|src/game/CDC.cpp|manual|marker_sync
6127ca|src/game/CDC.cpp|manual|marker_sync
612fd8|src/game/ScopedMapQuickDrawContext.cpp|manual|marker_sync
613791|src/game/CClientDC.cpp|manual|marker_sync
613803|src/game/CClientDC.cpp|manual|marker_sync
613a4c|src/game/ClipStateRegion.cpp|manual|marker_sync
61852a|src/game/MfcRuntime.cpp|manual|marker_sync
618704|src/game/MfcRuntime.cpp|manual|marker_sync
61873c|src/game/MfcRuntime.cpp|manual|marker_sync
618753|src/game/noop_slots.cpp|manual|marker_sync
618df2|src/game/list_box.cpp|manual|marker_sync
618e72|src/game/list_box.cpp|manual|marker_sync
61ec02|src/game/noop_slots.cpp|manual|marker_sync
61f342|src/game/TTEView.cpp|manual|marker_sync
62246c|src/game/MfcRuntime.cpp|manual|marker_sync
622a95|src/game/noop_slots.cpp|manual|marker_sync
622b58|src/game/MfcRuntime.cpp|manual|marker_sync
623523|src/game/MfcRuntime.cpp|manual|marker_sync
623886|src/game/MfcRuntime.cpp|manual|marker_sync
623b3a|src/game/CPtrList.cpp|manual|marker_sync
624491|src/game/noop_slots.cpp|manual|marker_sync
6244b7|src/game/noop_slots.cpp|manual|marker_sync
624e73|src/game/MfcRuntime.cpp|manual|marker_sync
