descriptor,name,object_size,schema,createobject_thunk,createobject,base_descriptor,base_name
0x63e7f8,CAmbitDocument,0x54,0xffff,0x40321f,0x4793c0,0x6720e0,CDocument
0x6481c8,CIncludeView,0x94,0xffff,0x404787,0x482850,0x670338,CView
0x648628,CMainFrame,0xd0,0xffff,0x4097af,0x484af0,0x670320,CFrameWnd
0x648a08,TTEView,0x98,0xffff,0x4023e2,0x485fb0,0x649678,TStaticText
0x648a20,TDocument,0x4,0xffff,0x4059de,0x486320,0x694eb8,TObject
0x648a38,TFileBasedDocument,0x4,0xffff,0x406d7a,0x4863c0,0x648a20,TDocument
0x648ae0,TCommandHandler,0x20,0xffff,0x4070c2,0x486570,0x649588,TEventHandler
0x648af8,TApplication,0x48,0xffff,0x408be8,0x486680,0x648ae0,TCommandHandler
0x648cf8,TBehavior,0x10,0xffff,0x40101e,0x487180,0x694eb8,TObject
0x648d10,TDialogBehavior,0x24,0xffff,0x402ac7,0x487300,0x648cf8,TBehavior
0x648e08,TCommand,0x18,0xffff,0x40768a,0x4877c0,0x649570,TEvent
0x648e68,TSortedList,0x20,0xffff,0x408ee0,0x487a90,0x694eb8,TObject
0x648e80,TList,0x20,0xffff,0x409106,0x487e50,0x648e68,TSortedList
0x648e98,TSortedPtrList,0x18,0xffff,0x404219,0x488030,0x672e80,CPtrArray
0x648eb0,TPtrList,0x18,0xffff,0x402a59,0x488400,0x648e98,TSortedPtrList
0x6490c8,TStream,0x4,0xffff,0x40468d,0x4889a0,0x694eb8,TObject
0x6490e0,TFileStream,0x8,0xffff,0x404494,0x4890c0,0x6490c8,TStream
0x6490f8,TCountingStream,0xc,0xffff,0x402fb8,0x4893c0,0x6490c8,TStream
0x649110,THandleStream,0x18,0xffff,0x405731,0x489580,0x6490c8,TStream
0x649570,TEvent,0x14,0xffff,0x4057c7,0x489f00,0x694eb8,TObject
0x649588,TEventHandler,0x20,0xffff,0x405e75,0x48a0a0,0x694eb8,TObject
0x6495a0,TView,0x60,0xffff,0x40341d,0x48a840,0x649588,TEventHandler
0x6495b8,TScroller,0x60,0xffff,0x405f83,0x48ca60,0x6495a0,TView
0x6495d0,TIncludeView,0x74,0xffff,0x401492,0x48cc40,0x6495a0,TView
0x6495e8,TWindow,0xa0,0xffff,0x40319d,0x48d090,0x6495a0,TView
0x649600,TControl,0x84,0xffff,0x405bfa,0x48e430,0x6495a0,TView
0x649618,TCtlMgr,0x84,0xffff,0x40743c,0x48ea00,0x649600,TControl
0x649630,TButton,0x84,0xffff,0x405cea,0x48eb10,0x649618,TCtlMgr
0x649648,TRadio,0x84,0xffff,0x4033cd,0x48ece0,0x649618,TCtlMgr
0x649660,TPicture,0x90,0xffff,0x403ba2,0x48eeb0,0x649600,TControl
0x649678,TStaticText,0x94,0xffff,0x4051f5,0x48f710,0x649600,TControl
0x649690,TEditText,0xa0,0xffff,0x407a9a,0x490210,0x649678,TStaticText
0x6496a8,TNumberText,0xac,0xffff,0x402176,0x490ed0,0x649690,TEditText
0x6496c0,TCluster,0x88,0xffff,0x4061e5,0x491300,0x649600,TControl
0x6496d8,TFloatWindow,0xa0,0xffff,0x401b4a,0x491e00,0x6495e8,TWindow
0x64b5d0,CMcWindow,0x40,0xffff,0x40507e,0x4933d0,0x670b10,CWnd
0x64bd90,TAdorner,0xc,0xffff,0x405524,0x49d650,0x694eb8,TObject
0x64bda8,TDialogView,0x60,0xffff,0x407e55,0x49d6f0,0x6495a0,TView
0x64c0a0,TNewGameCommand,0x18,0xffff,0x4016ef,0x49dd40,0x648e08,TCommand
0x64c0b8,TAmbitApplication,0x54,0xffff,0x406ed8,0x49de40,0x648af8,TApplication
0x64c0d0,TAmbitFileBasedDocument,0x4,0xffff,0x402932,0x49e5a0,0x648a38,TFileBasedDocument
0x64c1f0,TAnimation,0x2c,0xffff,0x402a54,0x49f020,0x694eb8,TObject
0x64c208,TCivAnimation,0x30,0xffff,0x403477,0x49f450,0x64c1f0,TAnimation
0x64c220,TCivAnimation2,0x30,0xffff,0x407e05,0x49f600,0x64c1f0,TAnimation
0x64c238,TOneTimeAnimation,0x30,0xffff,0x40788d,0x49fcc0,0x64c1f0,TAnimation
0x64c250,TCouncilTickerAnimation,0x2c,0xffff,0x407879,0x49fef0,0x64c1f0,TAnimation
0x64c268,TFocusAnimation,0x30,0xffff,0x4029e1,0x4a0020,0x64c1f0,TAnimation
0x64c280,TTransFocusAnimation,0x38,0xffff,0x404dd6,0x4a03f0,0x64c268,TFocusAnimation
0x64c298,TAnimator,0x30,0xffff,0x404d7c,0x4a09f0,0x649588,TEventHandler
0x64c828,TArmyMgr,0x3a8,0xffff,0x40410b,0x4a1810,0x694eb8,TObject
0x64c840,TArmyStack,0x1c,0xffff,0x406087,0x4a76a0,0x694eb8,TObject
0x64c858,TArmyStackList,0x20,0xffff,0x40951b,0x4a83b0,0x648e68,TSortedList
0x64cb20,TGarrisonView,0x90,0xffff,0x405132,0x4a8770,0x65c838,TMilitaryPageView
0x64cb38,TArmyUnitLine,0x14,0xffff,0x4031c5,0x4a8ca0,0x65e158,TLineData
0x64cb50,TArmyUnitView,0x64,0xffff,0x403f8f,0x4a9450,0x6495a0,TView
0x64cb68,TArmyCheckBox,0x94,0xffff,0x401b9a,0x4a9f20,0x649600,TControl
0x64cb80,TSuperArmyRoster,0x88,0xffff,0x406f37,0x4aa450,0x65e1a0,TPageView
0x64cb98,TMiniArmyLine,0x14,0xffff,0x403cd3,0x4aa890,0x65e158,TLineData
0x64cbb0,TMiniArmyView,0x88,0xffff,0x404d77,0x4aad90,0x649600,TControl
0x64cbc8,TSuperCivRoster,0x88,0xffff,0x40456b,0x4ab380,0x65e1a0,TPageView
0x64cbe0,TMiniCivLine,0x14,0xffff,0x4086a7,0x4ab670,0x65e158,TLineData
0x64cbf8,TMiniCivView,0x8c,0xffff,0x407261,0x4ab8c0,0x649600,TControl
0x64dc38,TSwapperDaddyView,0x64,0xffff,0x402739,0x4ac5c0,0x6495a0,TView
0x64dc50,TGWorldPartView,0x74,0xffff,0x405042,0x4ac7d0,0x6495a0,TView
0x64dc68,TIdleMeAnimation,0x2c,0xffff,0x4033c3,0x4ac920,0x64c1f0,TAnimation
0x64dc80,TBattleReportView,0x24d0,0xffff,0x402054,0x4acaa0,0x654f48,TDiplomacyMapView
0x64dc98,TBattleDetailBook,0x98,0xffff,0x402982,0x4ae9d0,0x65e170,TBook
0x64dcb0,TArmyBoyView,0x64,0xffff,0x4012fd,0x4aeae0,0x6495a0,TView
0x64dcc8,TNavyBoyView,0x64,0xffff,0x4021fd,0x4aefd0,0x6495a0,TView
0x64dce0,TMerchantBoyView,0x64,0xffff,0x40617c,0x4af6a0,0x6495a0,TView
0x64dcf8,TItemBoyView,0x64,0xffff,0x407789,0x4af910,0x6495a0,TView
0x64dd10,TInterruptusView,0x64,0xffff,0x40459d,0x4afcc0,0x64dcf8,TItemBoyView
0x64dd28,TBatRepDetLine,0x18,0xffff,0x402e41,0x4aff60,0x65e158,TLineData
0x64dd40,TBattleUnitsView,0x8c,0xffff,0x402167,0x4b0630,0x65c838,TMilitaryPageView
0x64ea48,THotspotBehavior,0x10,0xffff,0x409818,0x4b0af0,0x648cf8,TBehavior
0x64ea60,TInfoBarBehavior,0x24,0xffff,0x40989a,0x4b0c90,0x648cf8,TBehavior
0x64ea78,TDropShadowTextBehavior,0x14,0xffff,0x402081,0x4b0fe0,0x648cf8,TBehavior
0x64ebe0,TCheater,0x64,0xffff,0x4047cd,0x4b13a0,0x6495a0,TView
0x64ebf8,TTechCheater,0x64,0xffff,0x408ae9,0x4b1880,0x64ebe0,TCheater
0x64ec10,TGPCheater,0x64,0xffff,0x405d17,0x4b19b0,0x64ebe0,TCheater
0x64f320,TLaborPool,0xc,0xffff,0x401325,0x4b20d0,0x694eb8,TObject
0x64f338,TCity,0x2d4,0xffff,0x4077de,0x4b2410,0x694eb8,TObject
0x64f350,TProductionOrder,0x4c,0xffff,0x402036,0x4b4eb0,0x694eb8,TObject
0x64f368,TItemOrder,0x54,0xffff,0x405349,0x4b51d0,0x64f350,TProductionOrder
0x64f380,TOrItemOrder,0x54,0xffff,0x403e5e,0x4b57b0,0x64f368,TItemOrder
0x64f398,TPopulationMgr,0x50,0xffff,0x4067fd,0x4b5b40,0x694eb8,TObject
0x64f3b0,TTrainingOrder,0x4c,0xffff,0x40935e,0x4b6a60,0x64f350,TProductionOrder
0x64f3c8,TUnitOrder,0x5c,0xffff,0x401974,0x4b6f20,0x64f350,TProductionOrder
0x64f3e0,TPowerPlantOrder,0x50,0xffff,0x402dab,0x4b79f0,0x64f350,TProductionOrder
0x64f3f8,TFoodProcessingOrder,0x4c,0xffff,0x40885a,0x4b7dc0,0x64f350,TProductionOrder
0x64f410,TPopGrowthOrder,0x4c,0xffff,0x409a93,0x4b8110,0x64f350,TProductionOrder
0x64f428,TShipOrder,0x4c,0xffff,0x401a73,0x4b8470,0x64f350,TProductionOrder
0x64f440,TCapacityOrder,0x54,0xffff,0x408175,0x4b8c90,0x64f368,TItemOrder
0x64f458,TExpansionOrder,0x54,0xffff,0x4058e4,0x4b8f50,0x64f368,TItemOrder
0x64fb60,TCityProductionView,0x18c,0xffff,0x407662,0x4ba240,0x660610,TNoHilitePicture
0x64fb78,TRailheadDialog,0x64,0xffff,0x4057a9,0x4bcf40,0x64bda8,TDialogView
0x64fb90,TTransportView,0x64,0xffff,0x40920a,0x4bd300,0x6495a0,TView
0x64fba8,TNewTownView,0x64,0xffff,0x4086ed,0x4bd7a0,0x6495a0,TView
0x6506b0,TInteriorMinister,0x28,0xffff,0x402464,0x4be0d0,0x659a80,TMinister
0x6506c8,TCityInteriorMinister,0x1c4,0xffff,0x40689d,0x4be710,0x6506b0,TInteriorMinister
0x6506e0,TSteelCityMinister,0x1c4,0xffff,0x407d01,0x4c5900,0x6506c8,TCityInteriorMinister
0x6506f8,TShipBuilderCityMinister,0x1c4,0xffff,0x402603,0x4c5c00,0x6506c8,TCityInteriorMinister
0x650710,TEvenCityMinister,0x1c4,0xffff,0x408139,0x4c5f00,0x6506c8,TCityInteriorMinister
0x650728,TRailCityMinister,0x1c4,0xffff,0x404340,0x4c6210,0x6506c8,TCityInteriorMinister
0x651230,TBuildingView,0xa0,0xffff,0x4027ca,0x4c6df0,0x660610,TNoHilitePicture
0x651248,TWarehouseView,0x104,0xffff,0x402540,0x4c71f0,0x651230,TBuildingView
0x651260,TUnitsView,0xa0,0xffff,0x405cf9,0x4c7f10,0x651230,TBuildingView
0x651278,TShipyardView,0xcc,0xffff,0x401a64,0x4c8200,0x651230,TBuildingView
0x651290,TBuildingConstructionView,0x9c,0xffff,0x4045cf,0x4c9d70,0x649660,TPicture
0x6512a8,TOverlayRadioButton,0xbc,0xffff,0x404304,0x4caa50,0x65e5e0,TRadioPictureButton
0x6512c0,TUniversityView,0xac,0xffff,0x40111d,0x4caba0,0x651230,TBuildingView
0x6512d8,TPurchaseCluster,0x8c,0xffff,0x40718f,0x4cc300,0x6496c0,TCluster
0x6512f0,TIndustryView,0xa8,0xffff,0x4083be,0x4cc6b0,0x651230,TBuildingView
0x651308,TTradeSchoolView,0xa8,0xffff,0x404fd9,0x4cd760,0x6512f0,TIndustryView
0x651320,TBuildingExpansionView,0x9c,0xffff,0x40595c,0x4ce480,0x649660,TPicture
0x651338,TArmoryView,0xac,0xffff,0x40404d,0x4cece0,0x651230,TBuildingView
0x651350,TEngineerDialog,0x6c,0xffff,0x4016b3,0x4d04b0,0x6495a0,TView
0x651368,TPlaceCityDialog,0x94,0xffff,0x401c7b,0x4d1760,0x649660,TPicture
0x6531f8,TCivMgr,0xc,0xffff,0x4088cd,0x4d2000,0x694eb8,TObject
0x653658,TProvinceDesirabilityList,0x18,0xffff,0x4010b9,0x4d6500,0x648e98,TSortedPtrList
0x653670,TCountry,0x94,0xffff,0x403756,0x4d66a0,0x694eb8,TObject
0x653688,TGreatPower,0x964,0xffff,0x406b95,0x4d8950,0x653670,TCountry
0x6536a0,TMinor,0x2dc,0xffff,0x405bff,0x4e3660,0x653670,TCountry
0x6536b8,TTurnStartEvent,0x8,0xffff,0x40542f,0x4e65e0,0x694eb8,TObject
0x6536d0,TLandSaleEvent,0xc,0xffff,0x40600f,0x4e66c0,0x6536b8,TTurnStartEvent
0x653f90,TAutoGreatPower,0xb70,0xffff,0x4031b6,0x4e6a70,0x653688,TGreatPower
0x654838,TDefenseMinister,0x94,0xffff,0x407adb,0x4ec020,0x659a80,TMinister
0x654850,TNapoleonMinister,0x94,0xffff,0x406a8c,0x4ed400,0x654838,TDefenseMinister
0x654868,TBismarckMinister,0x94,0xffff,0x4043d6,0x4ed740,0x654838,TDefenseMinister
0x654880,TPirateMinister,0x94,0xffff,0x402bf8,0x4eda30,0x654838,TDefenseMinister
0x654898,TDefenderMinister,0x94,0xffff,0x407306,0x4edd20,0x654838,TDefenseMinister
0x6548b0,TBullyMinister,0x94,0xffff,0x406f96,0x4ee000,0x654838,TDefenseMinister
0x654cb8,TSortedByRelationshipList,0x18,0xffff,0x401532,0x4ee4b0,0x648e98,TSortedPtrList
0x654cd0,TDiplomacyMgr,0x18dc,0xffff,0x4052c2,0x4ee650,0x694eb8,TObject
0x654ce8,TNextDiplomationCommand,0x18,0xffff,0x40162c,0x4f28a0,0x648e08,TCommand
0x654ed0,TMinisterView,0x68,0xffff,0x409a89,0x4f2bb0,0x6495a0,TView
0x654ee8,TForeignMinisterView,0x68,0xffff,0x40969c,0x4f2f20,0x654ed0,TMinisterView
0x654f00,TDefenseMinisterView,0x68,0xffff,0x406073,0x4f3240,0x654ed0,TMinisterView
0x654f18,TInteriorMinisterView,0x68,0xffff,0x4030bc,0x4f35e0,0x654ed0,TMinisterView
0x654f30,TRearFloatWindow,0xa0,0xffff,0x401e0b,0x4f3840,0x6496d8,TFloatWindow
0x654f48,TDiplomacyMapView,0x24c8,0xffff,0x4070f9,0x4f3ae0,0x649660,TPicture
0x654f60,TPanelView,0x64,0xffff,0x4021e4,0x4f78e0,0x6495a0,TView
0x654f78,TTreatiesView,0x64,0xffff,0x405858,0x4f7a10,0x654f60,TPanelView
0x654f90,TGrantsView,0x64,0xffff,0x4057f4,0x4f7fd0,0x654f60,TPanelView
0x654fa8,TTradePanelView,0x64,0xffff,0x408a17,0x4f86d0,0x654f60,TPanelView
0x654fc0,TOffersPanelView,0x70,0xffff,0x402cb6,0x4f8ec0,0x654f60,TPanelView
0x654fd8,TInfoPanelView,0x70,0xffff,0x402d7e,0x4f9f60,0x654f60,TPanelView
0x654ff0,TCouncilPanelView,0x64,0xffff,0x403558,0x4faf80,0x654f60,TPanelView
0x655008,TNominationView,0x90,0xffff,0x401a9b,0x4fb6e0,0x649660,TPicture
0x655020,TCouncilView,0x24e0,0xffff,0x402ba3,0x4fb9d0,0x654f48,TDiplomacyMapView
0x655038,TMapKey,0x94,0xffff,0x40104b,0x4fc9c0,0x649660,TPicture
0x655050,TFrameRadioView,0x84,0xffff,0x404953,0x4fded0,0x649600,TControl
0x655068,TScoreGraph,0x60,0xffff,0x402f8b,0x4fe1d0,0x6495a0,TView
0x656600,TDisplayMgr,0x24,0xffff,0x404b15,0x4fe710,0x694eb8,TObject
0x656618,TColorFill,0xc,0xffff,0x403297,0x4ff0c0,0x64bd90,TAdorner
0x656630,TGWorldPeeker,0x64,0xffff,0x4050bf,0x4ff1f0,0x6495a0,TView
0x656940,TFuzzyVar,0x14,0xffff,0x4040de,0x4ff460,0x694eb8,TObject
0x656958,TFuzzySet,0x30,0xffff,0x40137f,0x4ff690,0x694eb8,TObject
0x656a30,TGameWindow,0xb0,0xffff,0x406267,0x4ffb30,0x6495e8,TWindow
0x656a48,TDlgWindow,0xa0,0xffff,0x404cc8,0x500280,0x6495e8,TWindow
0x656f68,THelpMgr,0x30,0xffff,0x408dc8,0x500550,0x694eb8,TObject
0x656f80,THelpPicture,0x98,0xffff,0x408a6c,0x503bd0,0x649660,TPicture
0x656f98,THelpWindow,0xa0,0xffff,0x406e6f,0x504b50,0x6496d8,TFloatWindow
0x656fb0,TTerrainHelpWindow,0xa0,0xffff,0x4079e1,0x504ca0,0x6496d8,TFloatWindow
0x656fc8,TTerrainHelpPicture,0xac,0xffff,0x401ca3,0x504df0,0x649660,TPicture
0x656fe0,TLonelyTileView,0x64,0xffff,0x40768f,0x505a50,0x6495a0,TView
0x657970,TIconBar,0x9c,0xffff,0x40992b,0x505f50,0x660610,TNoHilitePicture
0x657988,TIconSlider,0xbc,0xffff,0x4030df,0x5062d0,0x657970,TIconBar
0x6579a0,TOrderView,0x68,0xffff,0x40425a,0x5069d0,0x6495a0,TView
0x6579b8,TNumberedIcon,0xb0,0xffff,0x40808f,0x5072e0,0x660658,TMegaPicture
0x6579d0,TNumberedItem,0xb0,0xffff,0x402ff4,0x507700,0x6495a0,TView
0x658560,TLanguageMgr,0x34,0xffff,0x4078f1,0x507bc0,0x694eb8,TObject
0x658610,TMacViewMgr,0xd84,0xffff,0x402aae,0x509c00,0x694eb8,TObject
0x658788,TMapMgr,0x28,0xffff,0x403f3f,0x50e2f0,0x694eb8,TObject
0x658998,TMapDialog,0x364,0xffff,0x402dbf,0x5199c0,0x668c10,TWorldView
0x6589b0,TTerrainInfoDialog,0x94,0xffff,0x404c69,0x51b0a0,0x660610,TNoHilitePicture
0x6589c8,TTownNameDialog,0x94,0xffff,0x403026,0x51ba70,0x660610,TNoHilitePicture
0x6589e0,TCitySiteView,0x378,0xffff,0x401a96,0x51bd60,0x658998,TMapDialog
0x6589f8,TMapEditView,0x370,0xffff,0x4036a2,0x51cab0,0x658998,TMapDialog
0x6598a8,TMapMaker,0x2a8,0xffff,0x403ca6,0x525910,0x649600,TControl
0x659a80,TMinister,0x10,0xffff,0x40193d,0x52eb30,0x694eb8,TObject
0x659a98,TForeignMinister,0x80,0xffff,0x405b3c,0x52efd0,0x659a80,TMinister
0x659ab0,TTedForeignMinister,0x80,0xffff,0x4082ec,0x531130,0x659a80,TMinister
0x659ac8,TBillForeignMinister,0x84,0xffff,0x40848b,0x531b30,0x659a80,TMinister
0x659ae0,TDiplomatForeignMinister,0x80,0xffff,0x402310,0x5326e0,0x659a80,TMinister
0x659af8,TTextileForeignMinister,0x80,0xffff,0x405862,0x533070,0x659a80,TMinister
0x659b10,TTraderForeignMinister,0x80,0xffff,0x4089d1,0x533800,0x659a80,TMinister
0x659b28,TArmsForeignMinister,0x80,0xffff,0x40911f,0x533f70,0x659a80,TMinister
0x659b40,TSortByPriceList,0x18,0xffff,0x401e15,0x534680,0x648e98,TSortedPtrList
0x659b58,TIndexAndRankList,0x18,0xffff,0x403427,0x5347e0,0x648e98,TSortedPtrList
0x65afc0,TProxyGreatPower,0x964,0xffff,0x4043ef,0x540840,0x653688,TGreatPower
0x65afd8,THostGreatPower,0x968,0xffff,0x4059e3,0x540e90,0x653688,TGreatPower
0x65aff0,TClientGreatPower,0x964,0xffff,0x405a92,0x541230,0x653688,TGreatPower
0x65b008,TRemoteGreatPower,0x964,0xffff,0x402a27,0x5417c0,0x653688,TGreatPower
0x65b020,TRemoteMinor,0x2dc,0xffff,0x406b59,0x541c10,0x65b020,TRemoteMinor
0x65bf60,TCancelGameOptionsCommand,0x18,0xffff,0x4096bf,0x5424b0,0x648e08,TCommand
0x65bf78,TMultiplayerMgr,0xf8,0xffff,0x4017d5,0x5425d0,0x694eb8,TObject
0x65bf90,TPoseMessageDialog,0x1c,0xffff,0x404255,0x54b060,0x648e08,TCommand
0x65c180,TLoungeDialog,0x98,0xffff,0x402e0a,0x54d650,0x660610,TNoHilitePicture
0x65c198,TJoinSelectorDialog,0x94,0xffff,0x4012d0,0x54e690,0x660610,TNoHilitePicture
0x65c1b0,TMadnessButton,0x9c,0xffff,0x40531c,0x54ea30,0x65e610,TCzechBox
0x65c1c8,TMultiMessagePicture,0x90,0xffff,0x40116d,0x54ec20,0x649660,TPicture
0x65c318,TShip,0x38,0xffff,0x407a5e,0x54f460,0x694eb8,TObject
0x65c330,TAdmiral,0x1c,0xffff,0x406875,0x5512d0,0x694eb8,TObject
0x65c348,TTaskForce,0x34,0xffff,0x402a90,0x552770,0x694eb8,TObject
0x65c360,TNavyMgr,0x10,0xffff,0x40876f,0x556530,0x694eb8,TObject
0x65c530,TNewsMgr,0xf10,0xffff,0x404174,0x55b670,0x694eb8,TObject
0x65c548,TNewspaperView,0x98,0xffff,0x40536c,0x55d160,0x649660,TPicture
0x65c600,TZone,0x48,0xffff,0x40703b,0x55e660,0x694eb8,TObject
0x65c618,TPortZone,0x4c,0xffff,0x40598e,0x5615e0,0x65c600,TZone
0x65c630,TOcean,0x18,0xffff,0x403cc9,0x562100,0x694eb8,TObject
0x65c838,TMilitaryPageView,0x88,0xffff,0x4018f7,0x564860,0x65e1a0,TPageView
0x65c850,TNavyRoster,0xd0,0xffff,0x404971,0x564c30,0x65c838,TMilitaryPageView
0x65c868,TShipLine,0x1c,0xffff,0x409278,0x565030,0x65e158,TLineData
0x65c880,TShipView,0x68,0xffff,0x402329,0x565400,0x6495a0,TView
0x65c898,TOceanDialog,0x80,0xffff,0x408760,0x565db0,0x668c10,TWorldView
0x65c8b0,TDisappearingButton,0x90,0xffff,0x406c30,0x568b20,0x649660,TPicture
0x65c8c8,TShipFractionCluster,0x98,0xffff,0x4054ac,0x568cd0,0x6496c0,TCluster
0x65c8e0,TShipPlacard,0x94,0xffff,0x403256,0x5691d0,0x660610,TNoHilitePicture
0x65c8f8,TNavyToolbarCluster,0x88,0xffff,0x408742,0x569430,0x65e5b0,TUberCluster
0x65c910,TSuperNavyRoster,0x8c,0xffff,0x4035c1,0x5697d0,0x65e1a0,TPageView
0x65c928,TMiniShipLine,0x14,0xffff,0x401703,0x569bb0,0x65e158,TLineData
0x65c940,TMiniShipView,0x88,0xffff,0x40882d,0x569dc0,0x649600,TControl
0x65ddf8,TGamePreferencesPicture,0x94,0xffff,0x407748,0x56a510,0x649660,TPicture
0x65de10,TFlagOptionsPicture,0x90,0xffff,0x4024e1,0x56b210,0x649660,TPicture
0x65de28,TGameInfoPicture,0x90,0xffff,0x403896,0x56b780,0x649660,TPicture
0x65de40,TLoadSavePicture,0xa8,0xffff,0x407fcc,0x56bbd0,0x649660,TPicture
0x65de58,TTwoPicSlider,0x98,0xffff,0x4096ba,0x56e120,0x649600,TControl
0x65de70,TQueryFloater,0x90,0xffff,0x40466a,0x56e840,0x649660,TPicture
0x65de88,TCreditsPicture,0x90,0xffff,0x4098b3,0x56edb0,0x649660,TPicture
0x65e158,TLineData,0x10,0xffff,0x4073c9,0x56f360,0x694eb8,TObject
0x65e170,TBook,0x98,0xffff,0x401bdb,0x56f4a0,0x649660,TPicture
0x65e188,TPageCorner,0x98,0xffff,0x404be7,0x56f7b0,0x660640,TColorKeyPicture
0x65e1a0,TPageView,0x84,0xffff,0x40673f,0x56f8e0,0x6495a0,TView
0x65e1b8,TPictureLine,0x14,0xffff,0x401ec9,0x570030,0x65e158,TLineData
0x65e1d0,TTextLine,0x20,0xffff,0x402cd4,0x5701d0,0x65e158,TLineData
0x65e538,TPictureButton,0x94,0xffff,0x40649c,0x570750,0x649660,TPicture
0x65e550,TAlwaysPictureButton,0x94,0xffff,0x4036b1,0x570950,0x65e538,TPictureButton
0x65e568,T2PictureButton,0x94,0xffff,0x408026,0x570b10,0x65e538,TPictureButton
0x65e580,TPictureRadioButton,0x90,0xffff,0x4051d7,0x570cc0,0x65e598,TToggleButton
0x65e598,TToggleButton,0x90,0xffff,0x405425,0x571050,0x649660,TPicture
0x65e5b0,TUberCluster,0x88,0xffff,0x406357,0x5713c0,0x6496c0,TCluster
0x65e5c8,TUpDownPictureButton,0x94,0xffff,0x4070a9,0x571500,0x649660,TPicture
0x65e5e0,TRadioPictureButton,0x98,0xffff,0x4017b2,0x571700,0x65e5c8,TUpDownPictureButton
0x65e5f8,TOnOffRadioButton,0x98,0xffff,0x4064d3,0x571930,0x65e538,TPictureButton
0x65e610,TCzechBox,0x98,0xffff,0x403391,0x571b60,0x65e5c8,TUpDownPictureButton
0x65e628,TColorKeyButton,0x9c,0xffff,0x4058b2,0x571ed0,0x660640,TColorKeyPicture
0x65e640,TGWorldButton,0x8c,0xffff,0x4018b6,0x572080,0x649600,TControl
0x65e658,TClickZone,0x88,0xffff,0x4069fb,0x572350,0x649600,TControl
0x65e670,TTextPictureButton,0xa0,0xffff,0x4018c5,0x5724e0,0x65e5c8,TUpDownPictureButton
0x660610,TNoHilitePicture,0x94,0xffff,0x405196,0x572a80,0x649660,TPicture
0x660628,TBackgroundPicture,0x94,0xffff,0x402aea,0x572bd0,0x660610,TNoHilitePicture
0x660640,TColorKeyPicture,0x98,0xffff,0x4071cb,0x572d20,0x660610,TNoHilitePicture
0x660658,TMegaPicture,0xac,0xffff,0x405317,0x5730d0,0x660610,TNoHilitePicture
0x660670,TOffLimitsPicture,0x94,0xffff,0x404ad9,0x573710,0x649660,TPicture
0x660688,TSliderPicture,0x94,0xffff,0x4065d7,0x573970,0x660610,TNoHilitePicture
0x661448,TScrollView,0x68,0xffff,0x401d6b,0x573c20,0x6495a0,TView
0x661460,TScrollBarView,0x94,0xffff,0x407a40,0x5743f0,0x649600,TControl
0x661478,TScrollerButton,0x94,0xffff,0x404ac0,0x574ea0,0x65e538,TPictureButton
0x661950,TSpaceCommand,0x20,0xffff,0x40458e,0x575180,0x648e08,TCommand
0x661968,THighScoresPicture,0x1fc,0xffff,0x407095,0x575280,0x660610,TNoHilitePicture
0x661980,TGameSetupPicture,0x94,0xffff,0x407897,0x5757c0,0x660610,TNoHilitePicture
0x661998,TGameSetupMultiplayerPicture,0x94,0xffff,0x405777,0x575e90,0x660610,TNoHilitePicture
0x6619b0,TNetSelectPicture,0x94,0xffff,0x403021,0x576900,0x660610,TNoHilitePicture
0x6619c8,TNetGameSelectPicture,0x94,0xffff,0x4041dd,0x576aa0,0x660610,TNoHilitePicture
0x6619e0,TSetupRandomMapPicture,0xa8,0xffff,0x401c62,0x576ca0,0x660610,TNoHilitePicture
0x6619f8,TMapPreviewView,0x70,0xffff,0x4095ed,0x5787b0,0x6495a0,TView
0x661a10,TRadioText,0x9c,0xffff,0x404e94,0x5793f0,0x66c408,TDropShadowText
0x661a28,TRadioTextCluster,0x98,0xffff,0x40562d,0x5795b0,0x6496c0,TCluster
0x661a40,TScenarioChooser,0x160,0xffff,0x40483b,0x579ae0,0x660610,TNoHilitePicture
0x661a58,TTextList,0x1070,0xffff,0x406d11,0x57ab70,0x6495a0,TView
0x661a70,TGameScorePicture,0x94,0xffff,0x405b64,0x57b000,0x660610,TNoHilitePicture
0x661a88,TSelectoText,0x94,0xffff,0x406082,0x57b670,0x649678,TStaticText
0x662960,TSimMgr,0x118,0xffff,0x404877,0x57b940,0x694eb8,TObject
0x662db8,TArrowsControl,0x94,0xffff,0x407b85,0x5838b0,0x649660,TPicture
0x662dd0,TSidewaysArrow,0x98,0xffff,0x40234c,0x583a90,0x65e5c8,TUpDownPictureButton
0x662de8,TUpDownView,0x88,0xffff,0x40474b,0x583c90,0x649600,TControl
0x662e00,TRightLeftView,0x88,0xffff,0x408a26,0x583e70,0x649600,TControl
0x662e18,TDipDlgCluster,0x88,0xffff,0x406b18,0x584040,0x65e5b0,TUberCluster
0x662e30,TTradePolicyCluster,0x88,0xffff,0x404f48,0x584200,0x65e5b0,TUberCluster
0x662e48,TTradeOrderPicture,0x90,0xffff,0x409a66,0x5843e0,0x649660,TPicture
0x662e60,TBoycottButton,0x90,0xffff,0x406505,0x5846e0,0x65e598,TToggleButton
0x662e78,T2PictToggleButton,0x90,0xffff,0x408f03,0x584890,0x65e598,TToggleButton
0x662e90,TCloseButton,0x94,0xffff,0x406631,0x584a50,0x65e538,TPictureButton
0x662ea8,TCloseParentButton,0x84,0xffff,0x40885f,0x584bb0,0x649630,TButton
0x662ec0,TToolBarCluster,0x88,0xffff,0x409831,0x584d80,0x6496c0,TCluster
0x662ed8,TUnitToolbarCluster,0x88,0xffff,0x4028ab,0x585f70,0x65e5b0,TUberCluster
0x662ef0,TStatusButton,0x84,0xffff,0x4033d2,0x586280,0x649630,TButton
0x662f08,TCityBarCluster,0x88,0xffff,0x4030da,0x586590,0x65e5b0,TUberCluster
0x662f20,TProductionCluster,0x98,0xffff,0x406203,0x586840,0x65e5b0,TUberCluster
0x662f38,TClosePicture,0x94,0xffff,0x4034fe,0x586ad0,0x65e538,TPictureButton
0x662f50,TAmtBarCluster,0x88,0xffff,0x402851,0x586c40,0x65e5b0,TUberCluster
0x662f68,TTradeCluster,0x8c,0xffff,0x4076cb,0x587010,0x662f50,TAmtBarCluster
0x662f80,TAmtBar,0x68,0xffff,0x4034ae,0x5884c0,0x6495a0,TView
0x662f98,TIndustryCluster,0x90,0xffff,0x402a18,0x588a30,0x662f50,TAmtBarCluster
0x662fb0,TIndustryAmtBar,0x6c,0xffff,0x408e90,0x589110,0x662f80,TAmtBar
0x662fc8,TRailCluster,0x90,0xffff,0x4091d8,0x589660,0x662f50,TAmtBarCluster
0x662fe0,TRailAmtBar,0x6c,0xffff,0x407630,0x589ed0,0x662f80,TAmtBar
0x662ff8,TShipyardCluster,0x90,0xffff,0x401e83,0x58a4d0,0x662f50,TAmtBarCluster
0x663010,TShipAmtBar,0x6c,0xffff,0x40436d,0x58aaa0,0x662f80,TAmtBar
0x663028,TTraderAmtBar,0x68,0xffff,0x402671,0x58ae30,0x662f80,TAmtBar
0x663040,TCivilianButton,0xa0,0xffff,0x401d02,0x58b340,0x65e5e0,TRadioPictureButton
0x663058,THQButton,0x9c,0xffff,0x4019d3,0x58b5c0,0x649660,TPicture
0x663070,TPlacard,0x94,0xffff,0x404ef8,0x58b960,0x649660,TPicture
0x663088,TArmyPlacard,0x94,0xffff,0x407329,0x58be30,0x649660,TPicture
0x6630a0,TNumberedArrowButton,0x88,0xffff,0x40501f,0x58c1e0,0x649600,TControl
0x6630b8,TCombatReportView,0xa0,0xffff,0x402905,0x58c830,0x649660,TPicture
0x6630d0,TArmyToolbar,0x8c,0xffff,0x404336,0x58de40,0x662ed8,TUnitToolbarCluster
0x6630e8,TStratReportView,0x64,0xffff,0x405236,0x58e330,0x6495a0,TView
0x663100,TCivToolbar,0x8c,0xffff,0x404eda,0x58ea00,0x6496c0,TCluster
0x663118,TCivDescription,0x170,0xffff,0x406997,0x58f050,0x6495a0,TView
0x663130,TCivReport,0x90,0xffff,0x4012da,0x590b90,0x649660,TPicture
0x663148,TArmyInfoView,0x90,0xffff,0x40280b,0x591500,0x649660,TPicture
0x663160,TTransportPicture,0x9c,0xffff,0x402716,0x591d90,0x649660,TPicture
0x663178,TWarningView,0x94,0xffff,0x405d08,0x592860,0x649660,TPicture
0x668a18,TSoundPlayer,0x84,0xffff,0x406780,0x5932b0,0x649588,TEventHandler
0x668b90,TStatusPicture,0xc0,0xffff,0x4080da,0x593e80,0x649660,TPicture
0x668c10,TWorldView,0x7c,0xffff,0x4074d7,0x594f20,0x6495a0,TView
0x668c28,TMapUberUberPicture,0x94,0xffff,0x4074eb,0x596770,0x660670,TOffLimitsPicture
0x668c40,TMapUberPicture,0xc4,0xffff,0x4033a0,0x596900,0x668c28,TMapUberUberPicture
0x668c58,TMiniMapView,0xa0,0xffff,0x403aa8,0x59a290,0x649600,TControl
0x669470,TTacticalPlayer,0x28,0xffff,0x407900,0x59ad40,0x694eb8,TObject
0x669488,TArmyPlayer,0x54,0xffff,0x40427d,0x59b110,0x669470,TTacticalPlayer
0x6694a0,TNavyPlayer,0x30,0xffff,0x404cff,0x59eb80,0x669470,TTacticalPlayer
0x6694b8,TNavyHumanPlayer,0x30,0xffff,0x406a23,0x59eef0,0x6694a0,TNavyPlayer
0x6694d0,TNavyAutoPlayer,0x30,0xffff,0x406762,0x59f040,0x6694a0,TNavyPlayer
0x669e00,TTacticalBattle,0x78,0xffff,0x4049c1,0x59f6d0,0x694eb8,TObject
0x669e18,TArmyBattle,0x78,0xffff,0x406eb0,0x5a4710,0x669e00,TTacticalBattle
0x669e30,TNavyBattle,0x94,0xffff,0x403111,0x5a5480,0x669e00,TTacticalBattle
0x669e48,TTacticalUnit,0x34,0xffff,0x407d51,0x5a5d10,0x694eb8,TObject
0x669e60,TArmyTacUnit,0x58,0xffff,0x401cd5,0x5a5ed0,0x669e48,TTacticalUnit
0x669e78,TNavyTacUnit,0x40,0xffff,0x40949e,0x5a6240,0x669e48,TTacticalUnit
0x669e90,TNextMoveCommand,0x1c,0xffff,0x406a41,0x5a64d0,0x648e08,TCommand
0x66a280,TTacticalBattleView,0xd8,0xffff,0x406ce4,0x5a82b0,0x6495a0,TView
0x66a298,TTacArmyView,0xdc,0xffff,0x406d75,0x5a9cf0,0x66a280,TTacticalBattleView
0x66a2b0,TTacticalToolbar,0x98,0xffff,0x407e4b,0x5ac780,0x6496c0,TCluster
0x66a2c8,TTacNavyToolbar,0x98,0xffff,0x407abd,0x5ad030,0x66a2b0,TTacticalToolbar
0x66a2e0,TTacMapUberPicture,0x98,0xffff,0x401c1c,0x5ad2e0,0x668c28,TMapUberUberPicture
0x66a2f8,TTacticalAdiosPicture,0x90,0xffff,0x404a5c,0x5ad430,0x649660,TPicture
0x66a310,TTacticalHolaPicture,0x90,0xffff,0x406f28,0x5ad6c0,0x649660,TPicture
0x66a8b0,TTask,0x8,0xffff,0x406c5d,0x5adb40,0x694eb8,TObject
0x66a8c8,TCityTask,0x14,0xffff,0x401b0e,0x5adcd0,0x66a8b0,TTask
0x66a8e0,TShipBuildingTask,0x18,0xffff,0x403abc,0x5ae650,0x66a8c8,TCityTask
0x66a8f8,TTaskList,0x20,0xffff,0x4062c1,0x5aeaf0,0x648e80,TList
0x66ac98,TTechMgr,0x63c,0xffff,0x4097e6,0x5aef30,0x694eb8,TObject
0x66ae10,TTechStorePage,0x84,0xffff,0x406bdb,0x5b0e70,0x65e1a0,TPageView
0x66ae28,TTechItemLine,0x18,0xffff,0x4069bf,0x5b1090,0x65e158,TLineData
0x66ae40,TTechItemView,0x68,0xffff,0x40821f,0x5b1250,0x6495a0,TView
0x66ae58,TTechHistoryView,0x60,0xffff,0x40792d,0x5b2230,0x6495a0,TView
0x66b220,TGameSetupDialog,0x60,0xffff,0x40109b,0x5b2740,0x64bda8,TDialogView
0x66b238,TMapEditCluster,0x88,0xffff,0x4017d0,0x5b2880,0x6496c0,TCluster
0x66b250,TMinorTradeBidsDialog,0x60,0xffff,0x403d2d,0x5b29a0,0x64bda8,TDialogView
0x66b268,TRelationshipDialog,0x60,0xffff,0x4048b3,0x5b2ca0,0x64bda8,TDialogView
0x66b280,TMinorRelationshipDialog,0x60,0xffff,0x4030fd,0x5b3300,0x64bda8,TDialogView
0x66b298,TGPTreatyDialog,0x60,0xffff,0x407185,0x5b3ae0,0x64bda8,TDialogView
0x66b2b0,TMinorTreatyDialog,0x60,0xffff,0x403b43,0x5b3f90,0x64bda8,TDialogView
0x66b2c8,TAutomatedPlayDialog,0x60,0xffff,0x402833,0x5b45c0,0x64bda8,TDialogView
0x66b2e0,TSpecialQuitPicture,0x94,0xffff,0x40708b,0x5b4760,0x649660,TPicture
0x66c3a8,TMyNumberText,0xac,0xffff,0x40776b,0x5b4f10,0x6496a8,TNumberText
0x66c3c0,TPictureNumberText,0xac,0xffff,0x405083,0x5b5120,0x6496a8,TNumberText
0x66c3d8,TPictureText,0x94,0xffff,0x407707,0x5b5260,0x649678,TStaticText
0x66c3f0,TMyStaticText,0x94,0xffff,0x4089fe,0x5b5380,0x649678,TStaticText
0x66c408,TDropShadowText,0x98,0xffff,0x40622b,0x5b54a0,0x66c3d8,TPictureText
0x66c420,TDropShadowNumberText,0xb0,0xffff,0x407063,0x5b5820,0x66c3c0,TPictureNumberText
0x66c438,TInfoBarPictureText,0xb4,0xffff,0x406faa,0x5b5ac0,0x66c468,TInfoBarText
0x66c450,TDeluxeText,0xa4,0xffff,0x405907,0x5b5ee0,0x648a08,TTEView
0x66c468,TInfoBarText,0xb4,0xffff,0x407c20,0x5b65a0,0x66c450,TDeluxeText
0x66c480,TNoHiliteText,0x94,0xffff,0x407dd3,0x5b6960,0x649678,TStaticText
0x66d780,TTown,0x50,0xffff,0x4010cd,0x5b6c10,0x694eb8,TObject
0x66d870,TTradeMgr,0xaf0,0xffff,0x405484,0x5b79d0,0x694eb8,TObject
0x66d888,TDealList,0x18,0xffff,0x40985e,0x5ba130,0x648e98,TSortedPtrList
0x66d8a0,TNextTradeCommand,0x18,0xffff,0x409110,0x5ba370,0x648e08,TCommand
0x66dba0,TTradeScreenPicture,0x90,0xffff,0x408f49,0x5ba680,0x649660,TPicture
0x66dbb8,TDealBookPicture,0xb4,0xffff,0x40191a,0x5bab00,0x649660,TPicture
0x66dbd0,TDealTabControl,0x94,0xffff,0x407f59,0x5bc690,0x649600,TControl
0x66dbe8,TTradePageSellView,0x88,0xffff,0x406d39,0x5bcb90,0x65e1a0,TPageView
0x66dc00,TTradeOfferNationLine,0x14,0xffff,0x401a37,0x5bcfc0,0x65e158,TLineData
0x66dc18,TTradeOfferNationView,0x64,0xffff,0x401d25,0x5bd1f0,0x6495a0,TView
0x66dc30,TTradePageBuyView,0x88,0xffff,0x403a67,0x5bd5f0,0x65e1a0,TPageView
0x66dc48,TTradeBidNationLine,0x14,0xffff,0x4031d4,0x5bd950,0x65e158,TLineData
0x66dc60,TTradeBidNationView,0x64,0xffff,0x404110,0x5bdb40,0x6495a0,TView
0x66dc78,TTradeBookView,0x78,0xffff,0x404543,0x5bde30,0x6495a0,TView
0x66dc90,TOfferDeskPicture,0xa8,0xffff,0x4090e3,0x5be4b0,0x649660,TPicture
0x66dca8,TDealLine,0x18,0xffff,0x407e37,0x5c0cf0,0x65e158,TLineData
0x66dcc0,TCommodityLine,0x14,0xffff,0x407874,0x5c1430,0x65e158,TLineData
0x66dcd8,TTradeTotalsLine,0x14,0xffff,0x40364d,0x5c1870,0x65e158,TLineData
0x66dcf0,TTradeTotalsView,0x64,0xffff,0x401c9e,0x5c1a80,0x6495a0,TView
0x66ed40,TUnit,0x24,0xffff,0x406bcc,0x5c2430,0x694eb8,TObject
0x66ed58,TCivUnit,0x28,0xffff,0x406a0f,0x5c2860,0x66ed40,TUnit
0x66ed70,TMilitaryUnit,0x44,0xffff,0x401d2f,0x5c2cb0,0x694eb8,TObject
0x66f0b8,TViewMgr,0xfc,0xffff,0x4081c0,0x5d4fd0,0x694eb8,TObject
0x66f2a8,TModalMessageCommand,0x20,0xffff,0x407928,0x5dcc90,0x648e08,TCommand
0x66f4c0,TAssetMgr,0x58,0xffff,0x4078c9,0x5df1d0,0x694eb8,TObject
0x66f6e8,TMovieView,0x94,0xffff,0x4024af,0x5e2100,0x649660,TPicture
0x66f978,TNetMgr,0x4,0xffff,0x40394f,0x5e3390,0x694eb8,TObject
0x66fc00,CDialog,0x5c,0xffff,0x0,0x0,0x670b10,CWnd
0x66fdc8,CWinApp,0xc0,0xffff,0x0,0x0,0x6704a0,CWinThread
0x670320,CFrameWnd,0xbc,0xffff,0x622ab1,0x622ab1,0x670b10,CWnd
0x670338,CView,0x40,0xffff,0x0,0x0,0x670b10,CWnd
0x670350,CControlBar,0x78,0xffff,0x0,0x0,0x670b10,CWnd
0x6704a0,CWinThread,0x68,0xffff,0x0,0x0,0x670640,CCmdTarget
0x670640,CCmdTarget,0x1c,0xffff,0x0,0x0,0x6706e0,CObject
0x6706e0,CObject,0x4,0xffff,0x0,0x0,0x0,
0x670718,CSingleDocTemplate,0x68,0xffff,0x0,0x0,0x6733b8,CDocTemplate
0x670b10,CWnd,0x3c,0xffff,0x62343f,0x62343f,0x670640,CCmdTarget
0x670d48,CDragListBox,0x40,0xffff,0x0,0x0,0x671ad0,CListBox
0x670d60,CSpinButtonCtrl,0x3c,0xffff,0x0,0x0,0x670b10,CWnd
0x670d78,CSliderCtrl,0x3c,0xffff,0x0,0x0,0x670b10,CWnd
0x670d90,CProgressCtrl,0x3c,0xffff,0x0,0x0,0x670b10,CWnd
0x670da8,CHeaderCtrl,0x3c,0xffff,0x0,0x0,0x670b10,CWnd
0x670dc0,CHotKeyCtrl,0x3c,0xffff,0x0,0x0,0x670b10,CWnd
0x670dd8,CAnimateCtrl,0x3c,0xffff,0x0,0x0,0x670b10,CWnd
0x670df0,CTabCtrl,0x3c,0xffff,0x0,0x0,0x670b10,CWnd
0x670e08,CTreeCtrl,0x3c,0xffff,0x0,0x0,0x670b10,CWnd
0x670e20,CListCtrl,0x3c,0xffff,0x0,0x0,0x670b10,CWnd
0x670e38,CToolBarCtrl,0x3c,0xffff,0x0,0x0,0x670b10,CWnd
0x670e50,CStatusBarCtrl,0x3c,0xffff,0x0,0x0,0x670b10,CWnd
0x670e68,CImageList,0x8,0xffff,0x623940,0x623940,0x6706e0,CObject
0x670e80,CRichEditCtrl,0x3c,0xffff,0x0,0x0,0x670b10,CWnd
0x671aa0,CStatic,0x3c,0xffff,0x0,0x0,0x670b10,CWnd
0x671ab8,CButton,0x3c,0xffff,0x0,0x0,0x670b10,CWnd
0x671ad0,CListBox,0x3c,0xffff,0x0,0x0,0x670b10,CWnd
0x671ae8,CComboBox,0x3c,0xffff,0x0,0x0,0x670b10,CWnd
0x671b00,CEdit,0x3c,0xffff,0x0,0x0,0x670b10,CWnd
0x671b18,CScrollBar,0x3c,0xffff,0x0,0x0,0x670b10,CWnd
0x6720e0,CDocument,0x50,0xffff,0x0,0x0,0x670640,CCmdTarget
0x672250,CResourceException,0x98,0xffff,0x0,0x0,0x672688,CException
0x672268,CUserException,0x98,0xffff,0x0,0x0,0x672688,CException
0x672280,CDC,0x10,0xffff,0x623a18,0x623a18,0x6706e0,CObject
0x672298,CClientDC,0x14,0xffff,0x0,0x0,0x672280,CDC
0x6722b0,CWindowDC,0x14,0xffff,0x0,0x0,0x672280,CDC
0x6722c8,CPaintDC,0x54,0xffff,0x0,0x0,0x672280,CDC
0x6722e0,CGdiObject,0x8,0xffff,0x623a62,0x623a62,0x6706e0,CObject
0x6722f8,CPen,0x8,0xffff,0x0,0x0,0x6722e0,CGdiObject
0x672310,CBrush,0x8,0xffff,0x0,0x0,0x6722e0,CGdiObject
0x672328,CFont,0x8,0xffff,0x0,0x0,0x6722e0,CGdiObject
0x672340,CBitmap,0x8,0xffff,0x0,0x0,0x6722e0,CGdiObject
0x672358,CPalette,0x8,0xffff,0x0,0x0,0x6722e0,CGdiObject
0x672370,CRgn,0x8,0xffff,0x0,0x0,0x6722e0,CGdiObject
0x672688,CException,0x8,0xffff,0x0,0x0,0x6706e0,CObject
0x6726a0,CMemoryException,0x98,0xffff,0x0,0x0,0x672688,CException
0x6726b8,CNotSupportedException,0x98,0xffff,0x0,0x0,0x672688,CException
0x6727c0,CFile,0x10,0xffff,0x0,0x0,0x6706e0,CObject
0x6728a0,CFileDialog,0x1f8,0xffff,0x0,0x0,0x66fc00,CDialog
0x672c00,CSplitterWnd,0xc4,0xffff,0x0,0x0,0x670b10,CWnd
0x672c18,CCtrlView,0x48,0xffff,0x0,0x0,0x670338,CView
0x672e80,CPtrArray,0x14,0xffff,0x0,0x0,0x6706e0,CObject
0x672ec0,CPtrList,0x1c,0xffff,0x0,0x0,0x6706e0,CObject
0x672f28,CFileException,0x14,0xffff,0x0,0x0,0x672688,CException
0x672f50,CMemFile,0x28,0xffff,0x0,0x0,0x6727c0,CFile
0x673070,CMenu,0x8,0xffff,0x6242be,0x6242be,0x6706e0,CObject
0x6730c0,CMapPtrToPtr,0x1c,0xffff,0x0,0x0,0x6706e0,CObject
0x673240,CDocManager,0x20,0xffff,0x0,0x0,0x6706e0,CObject
0x6733b8,CDocTemplate,0x64,0xffff,0x0,0x0,0x670640,CCmdTarget
0x673500,CScrollView,0x6c,0xffff,0x0,0x0,0x670338,CView
0x673700,CArchiveException,0x10,0xffff,0x0,0x0,0x672688,CException
0x6744d0,CToolTipCtrl,0x58,0xffff,0x0,0x0,0x670b10,CWnd
0x6745d0,CMapStringToPtr,0x1c,0xffff,0x0,0x0,0x6706e0,CObject
0x694b48,CDib,0x38,0x0,0x40218f,0x479e40,0x6706e0,CObject
0x694eb8,TObject,0x4,0x1,0x404683,0x485df0,0x6706e0,CObject
0x697848,TMission,0x14,0x1,0x405fbf,0x534bc0,0x694eb8,TObject
0x697998,TNavyMission,0x3c,0x1,0x409020,0x536390,0x697848,TMission
0x6979b0,TControlSeaZoneMission,0x3c,0x1,0x402063,0x5386c0,0x697998,TNavyMission
0x6979c8,TEscortMission,0x3c,0x1,0x401000,0x539840,0x697998,TNavyMission
0x6979e0,TBeachheadMission,0x40,0x1,0x406d3e,0x53a2d0,0x6979b0,TControlSeaZoneMission
0x6979f8,TBlockadePortMission,0x40,0x1,0x4025b8,0x53a990,0x6979b0,TControlSeaZoneMission
0x697a10,TScatteredShipsMission,0x3c,0x1,0x402f27,0x53ba60,0x697998,TNavyMission
0x697a28,TArmyMission,0x30,0x1,0x407293,0x53bfb0,0x697848,TMission
0x697a40,TAttackProvinceMission,0x34,0x1,0x4010dc,0x53d670,0x697a28,TArmyMission
0x697a58,TDefendProvinceMission,0x30,0x1,0x407950,0x53e5f0,0x697a28,TArmyMission
0x697a70,TInvadeMission,0x38,0x1,0x4024d7,0x53f080,0x697a40,TAttackProvinceMission
