category|datatype|kind|header
/|/CityDialogController|structure|root_types.h
/|/CString|structure|root_types.h
/|/IMAGE_RESOURCE_DIRECTORY_ENTRY_DirectoryStruct|structure|root_types.h
/|/IMAGE_RESOURCE_DIRECTORY_ENTRY_DirectoryUnion|union|root_types.h
/|/InputState|structure|root_types.h
/|/ObjectPool|structure|root_types.h
/|/TacticalBattleController|structure|root_types.h
/|/TacticalBattleUnit|structure|root_types.h
/|/TacticalBattleView|structure|root_types.h
/|/TacticalHexCoord|structure|root_types.h
/|/TArmyStackList|structure|root_types.h
/|/TBuildingConstructionView|structure|root_types.h
/|/TCityProductionView|structure|root_types.h
/|/TCityRecruitmentOrderContext|structure|root_types.h
/|/TCityTask|structure|root_types.h
/|/TCivDescription|structure|root_types.h
/|/TCivToolbar|structure|root_types.h
/|/TCivWorkOrderState|structure|root_types.h
/|/TControl|structure|root_types.h
/|/TControlSeaZoneMission|structure|root_types.h
/|/TCountry|structure|root_types.h
/|/TDeluxeText|structure|root_types.h
/|/TEventHandler|structure|root_types.h
/|/THQButton|structure|root_types.h
/|/TIndexAndRankList|structure|root_types.h
/|/TMacViewMgr|structure|root_types.h
/|/TMapEditCluster|structure|root_types.h
/|/TMapEditView|structure|root_types.h
/|/TMapMgr|structure|root_types.h
/|/TNavyBattle|structure|root_types.h
/|/TObject|structure|root_types.h
/|/TScatteredShipsMission|structure|root_types.h
/|/TShipyardView|structure|root_types.h
/|/TSimMgr|structure|root_types.h
/|/TSpecialQuitPicture|structure|root_types.h
/|/TSuperCivRoster|structure|root_types.h
/|/TToolBarCluster|structure|root_types.h
/|/TTradeBookView|structure|root_types.h
/|/TTransFocusAnimation|structure|root_types.h
/|/TTwoPicSlider|structure|root_types.h
/|/TUnit|structure|root_types.h
/|/TUnitOrder|structure|root_types.h
/|/TView|structure|root_types.h
/|/TViewMgr|structure|root_types.h
/|/TWorldView|structure|root_types.h
/DOS|/DOS/IMAGE_DOS_HEADER|structure|DOS.h
/Demangler|/Demangler/_TREEITEM|structure|Demangler.h
/Demangler|/Demangler/AFX_MODULE_THREAD_STATE|structure|Demangler.h
/Demangler|/Demangler/AFX_MSGMAP_ENTRY|structure|Demangler.h
/Demangler|/Demangler/CBitmap|structure|Demangler.h
/Demangler|/Demangler/CBrush|structure|Demangler.h
/Demangler|/Demangler/CCmdTarget|structure|Demangler.h
/Demangler|/Demangler/CCmdUI|structure|Demangler.h
/Demangler|/Demangler/CDC|structure|Demangler.h
/Demangler|/Demangler/CDialog|structure|Demangler.h
/Demangler|/Demangler/CException|structure|Demangler.h
/Demangler|/Demangler/CFrameWnd|structure|Demangler.h
/Demangler|/Demangler/CHandleMap|structure|Demangler.h
/Demangler|/Demangler/CImageList|structure|Demangler.h
/Demangler|/Demangler/CListCtrl|structure|Demangler.h
/Demangler|/Demangler/CObArray|structure|Demangler.h
/Demangler|/Demangler/CPaintDC|structure|Demangler.h
/Demangler|/Demangler/CPoint|structure|Demangler.h
/Demangler|/Demangler/CProcessLocalObject|structure|Demangler.h
/Demangler|/Demangler/CRect|structure|Demangler.h
/Demangler|/Demangler/CScrollView|structure|Demangler.h
/Demangler|/Demangler/CSimpleException|structure|Demangler.h
/Demangler|/Demangler/CStatusBarCtrl|structure|Demangler.h
/Demangler|/Demangler/CToolBarCtrl|structure|Demangler.h
/Demangler|/Demangler/CTreeCtrl|structure|Demangler.h
/Demangler|/Demangler/CTypeLibCache|structure|Demangler.h
/Demangler|/Demangler/CView|structure|Demangler.h
/Demangler|/Demangler/CWinThread|structure|Demangler.h
/Demangler|/Demangler/CWnd|structure|Demangler.h
/PE|/PE/IMAGE_DATA_DIRECTORY|structure|PE.h
/PE|/PE/IMAGE_FILE_HEADER|structure|PE.h
/PE|/PE/IMAGE_NT_HEADERS32|structure|PE.h
/PE|/PE/IMAGE_OPTIONAL_HEADER32|structure|PE.h
/PE|/PE/IMAGE_RESOURCE_DATA_ENTRY|structure|PE.h
/PE|/PE/IMAGE_RESOURCE_DIR_STRING_U_12|structure|PE.h
/PE|/PE/IMAGE_RESOURCE_DIRECTORY|structure|PE.h
/PE|/PE/IMAGE_RESOURCE_DIRECTORY_ENTRY|structure|PE.h
/PE|/PE/IMAGE_RESOURCE_DIRECTORY_ENTRY_NameStruct|structure|PE.h
/PE|/PE/IMAGE_RESOURCE_DIRECTORY_ENTRY_NameUnion|union|PE.h
/PE|/PE/IMAGE_SECTION_HEADER|structure|PE.h
/PE|/PE/Misc|union|PE.h
/PE|/PE/SectionFlags|enum|PE.h
/PE|/PE/StringFileInfo|structure|PE.h
/PE|/PE/StringInfo|structure|PE.h
/PE|/PE/StringTable|structure|PE.h
/PE|/PE/Var|structure|PE.h
/PE|/PE/VarFileInfo|structure|PE.h
/PE|/PE/VS_VERSION_INFO|structure|PE.h
/auto_structs|/auto_structs/astruct|structure|auto_structs.h
/auto_structs|/auto_structs/astruct_1|structure|auto_structs.h
/auto_structs|/auto_structs/astruct_10|structure|auto_structs.h
/auto_structs|/auto_structs/astruct_11|structure|auto_structs.h
/auto_structs|/auto_structs/astruct_12|structure|auto_structs.h
/auto_structs|/auto_structs/astruct_13|structure|auto_structs.h
/auto_structs|/auto_structs/astruct_14|structure|auto_structs.h
/auto_structs|/auto_structs/astruct_15|structure|auto_structs.h
/auto_structs|/auto_structs/astruct_16|structure|auto_structs.h
/auto_structs|/auto_structs/astruct_17|structure|auto_structs.h
/auto_structs|/auto_structs/astruct_18|structure|auto_structs.h
/auto_structs|/auto_structs/astruct_19|structure|auto_structs.h
/auto_structs|/auto_structs/astruct_2|structure|auto_structs.h
/auto_structs|/auto_structs/astruct_20|structure|auto_structs.h
/auto_structs|/auto_structs/astruct_21|structure|auto_structs.h
/auto_structs|/auto_structs/astruct_22|structure|auto_structs.h
/auto_structs|/auto_structs/astruct_23|structure|auto_structs.h
/auto_structs|/auto_structs/astruct_24|structure|auto_structs.h
/auto_structs|/auto_structs/astruct_25|structure|auto_structs.h
/auto_structs|/auto_structs/astruct_26|structure|auto_structs.h
/auto_structs|/auto_structs/astruct_27|structure|auto_structs.h
/auto_structs|/auto_structs/astruct_28|structure|auto_structs.h
/auto_structs|/auto_structs/astruct_29|structure|auto_structs.h
/auto_structs|/auto_structs/astruct_3|structure|auto_structs.h
/auto_structs|/auto_structs/astruct_4|structure|auto_structs.h
/auto_structs|/auto_structs/astruct_5|structure|auto_structs.h
/auto_structs|/auto_structs/astruct_6|structure|auto_structs.h
/auto_structs|/auto_structs/astruct_7|structure|auto_structs.h
/auto_structs|/auto_structs/astruct_8|structure|auto_structs.h
/auto_structs|/auto_structs/astruct_9|structure|auto_structs.h
