ilt_addr,thunk_name,target_addr,target_name,category,notes
0x00401073,thunk_HandleMapClickByInteractionMode,0x005964b0,TCivToolbar::HandleMapClickByInteractionMode,dormant,-
0x0040154b,thunk_DestructBuildingExpansionViewAndMaybeFree_At0040154b,0x004ce550,DestructBuildingExpansionViewAndMaybeFree,dormant,-
0x00401730,thunk_RunControlStringProviderAndDispatchLocalizedMessage,0x005d5a70,TViewMgr::RunControlStringProviderAndDispatchLocalizedMessage,dormant,-
0x00401816,thunk_GetTCivMgrClassNamePointer_At00401816,0x004d2030,TCivMgr::GetTCivMgrClassNamePointer,dormant,-
0x0040187f,thunk_ShowDisbandCivilianConfirmationDialog,0x004d2d30,TCivToolbar::ShowDisbandCivilianConfirmationDialog,dormant,-
0x004019ba,thunk_InvalidateMapRegionForOrderEntry,0x00565f80,InvalidateMapRegionForOrderEntry,calls-via-thunk,refs:TWorldView.cpp
0x004019dd,thunk_GetIndustryActionCostWeightByResourceType,0x00550970,GetIndustryActionCostWeightByResourceType,dormant,-
0x004019fb,thunk_HandleStartupCommand100,0x00413950,HandleStartupCommand100,dormant,-
0x00401a32,thunk_ComputeDefendProvinceMissionCrossNationSupportVectorScore,0x0053e6e0,ComputeDefendProvinceMissionCrossNationSupportVectorScore,dormant,-
0x00401b09,thunk_SetNumericEntryCheckedState,0x004906f0,SetNumericEntryCheckedState,dormant,-
0x00401b72,thunk_ApplyCityDialogMinisterValues,0x004bd3e0,ApplyCityDialogMinisterValues,dormant,-
0x00401b86,thunk_GetInt32Field30,0x005811e0,GetInt32Field30,dormant,-
0x00401b8b,thunk_LookupOrderCompatibilityMatrixValue,0x004f1f20,TControl::LookupOrderCompatibilityMatrixValue,dormant,-
0x00401ba4,thunk_InitializeCityModel,0x004b24b0,TCity::TCity,calls-via-thunk,refs:TGreatPower.cpp
0x00401bfe,thunk_SetEventPayloadNationIdFromSlotIndex,0x005420a0,SetEventPayloadNationIdFromSlotIndex,dormant,-
0x00401c0d,thunk_DestructTCapacityOrderAndMaybeFree,0x004b8d30,TCapacityOrder::DestructTCapacityOrderAndMaybeFree,claimed-ilt,owned:TCapacityOrder.cpp
0x00401d48,thunk_QueueImmediateCivilianCommandAndCycleSelection,0x004d2cf0,TCivToolbar::QueueImmediateCivilianCommandAndCycleSelection,dormant,-
0x00401d61,thunk_ForwardCityDialogParamToChildSlot48,0x0048a380,TControl::ForwardCityDialogParamToChildSlot48,dormant,-
0x00401e1f,thunk_ActivateCityProductionViewIfAllowed,0x0048a570,ActivateCityProductionViewIfAllowed,dormant,-
0x00401e2e,thunk_AssertCityProductionGlobalStateInitialized,0x00429470,TradeControl::AssertCityProductionGlobalStateInitialized,dormant,-
0x00401e65,thunk_DestructTViewBaseState_005885F0,0x005885f0,thunk_DestructTViewBaseState_005885F0,claimed-ilt,owned:TAmtBar.cpp; marker:TAmtBar.cpp; refs:TAmtBar.cpp
0x004020b8,thunk_ApplyDiplomacyInterNationStatesForTurn,0x004f01e0,TSortedByRelationshipList::ApplyDiplomacyInterNationStatesForTurn,dormant,-
0x004020fe,thunk_ReleaseHashIndexedRecordByHandle,0x0049a390,ReleaseHashIndexedRecordByHandle,calls-via-thunk,refs:TDiplomacyMapView.cpp
0x004021ee,thunk_GetTurnFlowStateCounter2C_At004021ee,0x0057d8b0,GetTurnFlowStateCounter2C,claimed-ilt,owned:TSimMgr.cpp
0x004022c5,thunk_DispatchTurnEvent1AWithNationActionPayload,0x005497b0,DispatchTurnEvent1AWithNationActionPayload,calls-via-thunk,refs:TGreatPower.cpp
0x0040231a,thunk_GenerateMappedFlavorTextByNationSlotField0C,0x004d7eb0,TAdmiral::GenerateMappedFlavorTextByNationSlotField0C,dormant,-
0x004023ab,thunk_DispatchPanelControlEvent,0x00491650,TMapEditCluster::DispatchPanelControlEvent,dormant,-
0x004023d3,thunk_InitializeCityProductionState,0x004b2570,InitializeCityProductionState,calls-via-thunk,refs:TGreatPower.cpp
0x00402469,thunk_ShowCivilianLedgerDialogAndSelectUnit,0x005ddd20,ShowCivilianLedgerDialogAndSelectUnit,dormant,-
0x0040246e,thunk_GetWrappedHexNeighborTileIndexByDirection,0x00512cc0,GetWrappedHexNeighborTileIndexByDirection,dormant,-
0x004024fa,thunk_NoOpQuickDrawLifecycleHookB,0x004972e0,NoOpQuickDrawLifecycleHookB,calls-via-thunk,refs:TDiplomacyMapView.cpp
0x0040257c,thunk_GetCityBuildingProductionValueBySlot,0x004b4dc0,GetCityBuildingProductionValueBySlot,dormant,-
0x004028d8,thunk_InitializeCityInteriorMinister,0x004be8d0,InitializeCityInteriorMinister,calls-via-thunk,refs:TCityInteriorMinister.cpp
0x004029aa,thunk_DrawTextWithCachedQuickDrawStyleState,0x00494a90,THQButton::DrawTextWithCachedQuickDrawStyleState,calls-via-thunk,"refs:TArmyPlacard.cpp,TCivDescription.cpp,TTextList.cpp,TTwoPicSlider.cpp"
0x004029d2,thunk_RelaxMapTileCostFieldByNeighborTerrain,0x00562af0,RelaxMapTileCostFieldByNeighborTerrain,calls-via-thunk,refs:TOcean.cpp
0x00402a7c,thunk_InitializeUiTextStyleDescriptor,0x005c3f50,InitializeUiTextStyleDescriptor,calls-via-thunk,refs:TTradeCluster.cpp
0x00402aa4,thunk_SetUiResourceContextTagWord,0x004270e0,SetUiResourceContextTagWord,calls-via-thunk,refs:TDiplomacyMapView.cpp
0x00402d1a,thunk_IncrementTurnFlowStateCounter2C_At00402d1a,0x0057d950,TSimMgr::IncrementTurnFlowStateCounter2C,claimed-ilt,owned:TSimMgr.cpp
0x00402e73,thunk_SetQuickDrawStylePair_1D08_1D0C_AndMarkDirty,0x00495310,SetQuickDrawStylePair_1D08_1D0C_AndMarkDirty,calls-via-thunk,refs:TTraderAmtBar.cpp
0x00402eeb,thunk_RegisterUnitOrderWithOwnerManager,0x005c2530,TUnitOrderState::RegisterUnitOrderWithOwnerManager,claimed-ilt,owned:TUnit.cpp; marker:TUnit.cpp; refs:TUnit.cpp
0x00403044,thunk_ConstructFrogCityMarker,0x005b6c60,TTown::ConstructFrogCityMarker,calls-via-thunk,refs:TGreatPower.cpp
0x00403049,thunk_InitializeUiResourceEntryBaseHeaderDefaults,0x0048a100,InitializeUiResourceEntryBaseHeaderDefaults,dormant,-
0x004030e9,thunk_ApplyRectClipRegionToGlobalClipState,0x00495a80,ApplyRectClipRegionToGlobalClipState,calls-via-thunk,"refs:TCityProductionView.cpp,TTransFocusAnimation.cpp"
0x00403175,thunk_QueueInterNationEventType0FWithBitmaskMerge,0x0055cbd0,TInterNationEventQueueManager::QueueInterNationEventType0FWithBitmaskMerge,dormant,-
0x0040318e,thunk_GetMapActionContextByTileIndex,0x005633b0,GetMapActionContextByTileIndex,calls-via-thunk,refs:TWorldView.cpp
0x00403224,thunk_LoadBmpResourceByIdCached,0x004997e0,LoadBmpResourceByIdCached,calls-via-thunk,"refs:TDiplomacyMapView.cpp,TPicture.cpp"
0x004032a1,thunk_SetMapInteractionMode,0x00596cb0,TToolBarCluster::SetMapInteractionMode,calls-via-thunk,refs:TWorldView.cpp
0x00403684,thunk_DrawStrategicMapUnitIcon_call,0x0050dd40,TMacViewMgr::DrawStrategicMapUnitIcon,dormant,-
0x00403765,thunk_SelectBestSeedTileForNationFromCostField,0x00562c00,SelectBestSeedTileForNationFromCostField,calls-via-thunk,refs:TOcean.cpp
0x00403837,thunk_InitializeDiplomacyTurnStateManagerDefaults,0x004ee7a0,TSortedByRelationshipList::InitializeDiplomacyTurnStateManagerDefaults,dormant,-
0x00403968,thunk_StepHexTileIndexByDirectionWithWrapRules,0x0055e360,StepHexTileIndexByDirectionWithWrapRules,dormant,-
0x00403b07,thunk_DispatchJoinEmpireModeEventPacket24_27,0x0054c5a0,DispatchJoinEmpireModeEventPacket24_27,dormant,-
0x00403b34,thunk_DispatchCityRedrawInvalidateEvent,0x0054abf0,DispatchCityRedrawInvalidateEvent,calls-via-thunk,refs:TGreatPower.cpp
0x00403b5c,thunk_EmitTurnEvent3Mode18WithActiveNation,0x005446a0,EmitTurnEvent3Mode18WithActiveNation,dormant,-
0x00403bb6,thunk_DrawCenteredGuideLineOnMapDc,0x00497d10,DrawCenteredGuideLineOnMapDc,calls-via-thunk,"refs:TCityProductionView.cpp,TTraderAmtBar.cpp"
0x00403c2e,thunk_IsTurnCooldownCounterActiveOrResetFlag,0x0057b900,IsTurnCooldownCounterActiveOrResetFlag,dormant,-
0x00403e2c,thunk_NoOpDiplomacyPolicyStateChangedHook,0x005033e0,NoOpDiplomacyPolicyStateChangedHook,calls-via-thunk,refs:TGreatPower.cpp
0x00403f71,thunk_WrapperFor_InvalidateCityDialogRectRegion_At004f6d90,0x004f6d90,WrapperFor_InvalidateCityDialogRectRegion_At004f6d90,calls-via-thunk,refs:TDiplomacyMapView.cpp
0x0040408e,thunk_ContainsPointerArrayEntryMatchingByteKey,0x0055f4d0,ContainsPointerArrayEntryMatchingByteKey,calls-via-thunk,refs:TGreatPower.cpp
0x00404093,thunk_CreateTCapacityOrderInstance,0x004b8b80,TCapacityOrder::CreateTCapacityOrderInstance,dormant,-
0x004042c8,thunk_ConstructUiResourceEntryType4B0C0,0x00491400,TCluster::ConstructUiResourceEntryType4B0C0,dormant,-
0x0040440d,thunk_SumNavyOrderPriorityForNation,0x004e04b0,SumNavyOrderPriorityForNation,dormant,-
0x004044b7,thunk_IsNationSlotEligibleForEventProcessing,0x00581280,IsNationSlotEligibleForEventProcessing,dormant,-
0x0040454d,thunk_IsOrderEntryTransportLinkedAndEnabled,0x005b7830,IsOrderEntryTransportLinkedAndEnabled,dormant,-
0x00404566,thunk_HandleCityDialogToggleCommandOrForward,0x0048e710,HandleCityDialogToggleCommandOrForward,dormant,-
0x004048d6,thunk_CreateAndSendTurnEvent13_NationAndNineDwords,0x00549540,CreateAndSendTurnEvent13_NationAndNineDwords,calls-via-thunk,"refs:TGreatPower.cpp,TInterNationEventQueueManager.cpp"
0x00404912,thunk_ConstructTForeignMinister,0x0052f070,TForeignMinister::ConstructTForeignMinister,dormant,-
0x00404a25,thunk_AppendPackedColorDwordToMaskBuffers,0x004d4bf0,TDiplomacyMapView::AppendPackedColorDwordToMaskBuffers,calls-via-thunk,refs:TDiplomacyMapView.cpp
0x00404b33,thunk_InitializeCivWorkOrderState,0x005c2940,TCivWorkOrderState::InitializeCivWorkOrderState,claimed-ilt,owned:TCivUnit.cpp
0x00404d36,thunk_GetResourceDescriptorWeightWord0ByType,0x00550e70,GetResourceDescriptorWeightWord0ByType,dormant,-
0x00404d68,thunk_DrawStrategicMapUnitIconOverlay_call,0x0050df40,TMacViewMgr::DrawStrategicMapUnitIconOverlay,dormant,-
0x00404e30,thunk_ClearTurnResumeNationPendingBitAndMaybeFlushTelemetry,0x005431a0,ClearTurnResumeNationPendingBitAndMaybeFlushTelemetry,calls-via-thunk,refs:TGreatPower.cpp
0x00404e99,thunk_CreateMissionObjectByKindAndNodeContext,0x005350d0,CreateMissionObjectByKindAndNodeContext,calls-via-thunk,refs:TMission.cpp
0x00404f07,thunk_ComputeGlobalMapActionContextNodeValueAverage,0x00564530,ComputeGlobalMapActionContextNodeValueAverage,dormant,-
0x00404fe8,thunk_RenderHintHelperWithCtrlModifierOverlay,0x0048f3c0,THQButton::RenderHintHelperWithCtrlModifierOverlay,dormant,-
0x004051f0,thunk_SetTaskForcePrimaryOrderLinkAndRefreshChildBacklinks,0x00552250,SetTaskForcePrimaryOrderLinkAndRefreshChildBacklinks,calls-via-thunk,refs:TGreatPower.cpp
0x0040520e,thunk_GetSurfaceObjectAtContextOffset24,0x004962a0,GetSurfaceObjectAtContextOffset24,calls-via-thunk,refs:TDiplomacyMapView.cpp
0x00405312,thunk_GenerateMappedFlavorTextByTableSlot,0x005d46b0,GenerateMappedFlavorTextByTableSlot,calls-via-thunk,"refs:TCountry.cpp,TGreatPower.cpp"
0x00405344,thunk_ComputeRepresentativeTileIndexForTerrainTypeWithWrapBias,0x005178f0,ComputeRepresentativeTileIndexForTerrainTypeWithWrapBias,calls-via-thunk,refs:TZone.cpp
0x004053d5,thunk_PostMainWindowCommand100ForTurnFlow_At004053d5,0x0057d970,PostMainWindowCommand100ForTurnFlow,claimed-ilt,owned:TSimMgr.cpp
0x004055ba,thunk_GetShortAtOffset14OrInvalid,0x0055f0b0,GetShortAtOffset14OrInvalid,calls-via-thunk,"refs:TAutoGreatPower.cpp,TGreatPower.cpp"
0x004056a5,thunk_ProjectTileIndexToWrappedScreenOffsetByScale,0x00512440,TMapDialog::ProjectTileIndexToWrappedScreenOffsetByScale,calls-via-thunk,refs:TMapDialog.cpp
0x004057a4,thunk_TemporarilyClearAndRestoreUiInvalidationFlag,0x0049d620,TemporarilyClearAndRestoreUiInvalidationFlag,calls-via-thunk,"refs:TCity.cpp,TCivToolbar.cpp,TControl.cpp,TDisplayMgr.cpp,TDlgWindow.cpp,TEventHandler.cpp,TFileStream.cpp,TUnit.cpp,TView.cpp,TViewMgr.cpp,TWindow.cpp"
0x004058f3,thunk_RemoveDuplicateNavySecondaryOrdersByDisplayName,0x00552450,RemoveDuplicateNavySecondaryOrdersByDisplayName,dormant,-
0x0040593e,thunk_OpenSuperArmyRosterPageAndActivateProvinceSelection,0x005dda30,OpenSuperArmyRosterPageAndActivateProvinceSelection,dormant,-
0x004059f7,thunk_RemoveOrdersByNationFromPrimarySecondaryAndTaskForceLists,0x00557210,RemoveOrdersByNationFromPrimarySecondaryAndTaskForceLists,calls-via-thunk,refs:TGreatPower.cpp
0x00405a5b,thunk_EnqueueOrSendTurnEventPacketToNation,0x005e3d40,EnqueueOrSendTurnEventPacketToNation,dormant,-
0x00405ab5,thunk_GetTCapacityOrderClassNamePointer,0x004b8cc0,TCapacityOrder::GetTCapacityOrderClassNamePointer,claimed-ilt,owned:TCapacityOrder.cpp
0x00405b7d,thunk_MeasureTextExtentWithCachedQuickDrawStyle,0x00494e00,MeasureTextExtentWithCachedQuickDrawStyle,calls-via-thunk,"refs:TArmyPlacard.cpp,TCivDescription.cpp,TTextList.cpp,TTwoPicSlider.cpp"
0x00405e16,thunk_RenderTerrainAndMinorNationLegendLabels,0x004f4a30,RenderTerrainAndMinorNationLegendLabels,calls-via-thunk,refs:TDiplomacyMapView.cpp
0x00406271,thunk_ComputeWeightedNeighborLinkScoreForNode,0x004d8390,ComputeWeightedNeighborLinkScoreForNode,dormant,-
0x0040638e,thunk_ComputeNavyOrderDistributionSimilarityScoreWithDiplomacyFilter,0x005389f0,ComputeNavyOrderDistributionSimilarityScoreWithDiplomacyFilter,calls-via-thunk,refs:TGreatPower.cpp
0x004063bb,thunk_SetGlobalRegionDevelopmentStageByte,0x00518960,SetGlobalRegionDevelopmentStageByte,dormant,-
0x004064e2,thunk_ConstructTViewBaseState,0x0048a8e0,TView::ConstructTViewBaseState,claimed-ilt,owned:TView.cpp; marker:TView.cpp
0x00406546,thunk_FillRectWithQuickDrawBrushAndContextOffset,0x00498980,FillRectWithQuickDrawBrushAndContextOffset,calls-via-thunk,refs:TTextList.cpp
0x0040656e,thunk_InitializeTMinisterBaseOrderArrayMetrics,0x004ec160,InitializeTMinisterBaseOrderArrayMetrics,dormant,-
0x00406604,thunk_WrapperFor_thunk_InvalidateCityDialogRectRegion_At0048b6d0,0x0048b6d0,TControl::WrapperFor_thunk_InvalidateCityDialogRectRegion_At0048b6d0,dormant,-
0x0040670d,thunk_InitializeTMinisterBaseOrderArray,0x0052ebf0,InitializeTMinisterBaseOrderArray,dormant,-
0x00406758,thunk_QueueInterNationEventRecordDeduped,0x0055c9f0,TInterNationEventQueueManager::QueueInterNationEventRecordDeduped,claimed-ilt,"owned:TInterNationEventQueueManager.cpp; marker:TInterNationEventQueueManager.cpp; refs:TGreatPower.cpp,TInterNationEventQueueManager.cpp"
0x0040678a,thunk_InitializeNationStateIdentityAndOwnedRegionList,0x004d68f0,InitializeNationStateIdentityAndOwnedRegionList,calls-via-thunk,refs:TGreatPower.cpp
0x0040678f,thunk_StepHexRowColByDirectionWithWrapRules,0x0055e550,StepHexRowColByDirectionWithWrapRules,calls-via-thunk,refs:TZone.cpp
0x004067c1,thunk_DestructCityDialogSharedBaseState,0x0048f250,DestructCityDialogSharedBaseState,dormant,-
0x004069e2,thunk_SetGlobalBlitTransparentColorRaw,0x004950d0,SetGlobalBlitTransparentColorRaw,calls-via-thunk,refs:TDiplomacyMapView.cpp
0x00406aaf,thunk_ProcessQueuedWarTransitions,0x004f0a10,ProcessQueuedWarTransitions,dormant,-
0x00406afa,thunk_BuildUiTextStyleDescriptor,0x005c3e80,BuildUiTextStyleDescriptor,calls-via-thunk,refs:TUberCluster.cpp
0x00406b3b,thunk_SetActiveCivilianSelection,0x004d2c60,TCivToolbar::SetActiveCivilianSelection,dormant,-
0x00406ba9,thunk_NoOpUiLifecycleHook,0x0048ab70,NoOpUiLifecycleHook,dormant,-
0x00406c1c,thunk_SplitTileIndexToRowAndColumn,0x005125a0,TMapDialog::SplitTileIndexToRowAndColumn,calls-via-thunk,refs:TMapDialog.cpp
0x00406ee7,thunk_GetTMinorClassNamePointer_At00406ee7,0x004e36f0,TMinor::GetTMinorClassNamePointer,claimed-ilt,owned:TMinor.cpp
0x00406efb,thunk_DispatchTaggedGameStateEvent1F20,0x0054a340,DispatchTaggedGameStateEvent1F20,calls-via-thunk,"refs:TAutoGreatPower.cpp,TGreatPower.cpp"
0x00406f5f,thunk_SetActiveQuickDrawSurfaceContext,0x004961b0,SetActiveQuickDrawSurfaceContext,calls-via-thunk,"refs:TCityProductionView.cpp,TDiplomacyMapView.cpp"
0x0040716c,thunk_SumNavyOrderPriorityForNationAndNodeType,0x004e0460,SumNavyOrderPriorityForNationAndNodeType,dormant,-
0x004072ac,thunk_CreateAndSendTurnEvent21_ThreeBytes,0x00549680,CreateAndSendTurnEvent21_ThreeBytes,calls-via-thunk,"refs:TGreatPower.cpp,TInterNationEventQueueManager.cpp"
0x0040761c,thunk_ReturnConstantTrueQuickDrawFlag,0x004972c0,ReturnConstantTrueQuickDrawFlag,calls-via-thunk,refs:TDiplomacyMapView.cpp
0x0040765d,thunk_IsCivilianOrderInIdleSelectionState,0x005c2980,IsCivilianOrderInIdleSelectionState,dormant,-
0x004076a8,thunk_FindFirstPortZoneContextByNation,0x00563540,FindFirstPortZoneContextByNation,dormant,-
0x004076b7,thunk_AssignStringSharedRefAndReturnThis,0x0049eb00,AssignStringSharedRefAndReturnThis,dormant,-
0x0040793c,thunk_GetNavyPrimaryOrderListHead,0x005505c0,GetNavyPrimaryOrderListHead,calls-via-thunk,"refs:TNavyMission.cpp,TOcean.cpp"
0x00407978,thunk_DispatchPictureResourceCommand,0x0048e850,TControl::DispatchPictureResourceCommand,dormant,-
0x004079aa,thunk_RebuildMinorNationDispositionLookupTables,0x004f24a0,RebuildMinorNationDispositionLookupTables,calls-via-thunk,refs:TGreatPower.cpp
0x00407c1b,thunk_LoadUiStringByCodeGroupAndOffset_At00407c1b,0x00580760,LoadUiStringByCodeGroupAndOffset,claimed-ilt,owned:TSimMgr.cpp
0x00407cd9,thunk_ConstructTDefenseMinisterBaseState,0x004ec0e0,TDefenseMinister::ConstructTDefenseMinisterBaseState,dormant,-
0x00407da6,thunk_ResetPtrListAndShrinkCapacity,0x00488110,TSortedPtrList::ResetPtrListAndShrinkCapacity,claimed-ilt,owned:TSortedPtrList.cpp
0x00407e64,thunk_GetUnitMovementClassId,0x005c3490,GetUnitMovementClassId,calls-via-thunk,refs:TDefendProvinceMission.cpp
0x00407f63,thunk_SetTimeEmitPacketGameFlowTurnId,0x00542120,SetTimeEmitPacketGameFlowTurnId,calls-via-thunk,"refs:TClientGreatPower.cpp,TGreatPower.cpp"
0x00408035,thunk_DestroyScopedMapQuickDrawContext,0x004948b0,DestroyScopedMapQuickDrawContext,calls-via-thunk,refs:TWorldView.cpp
0x0040824c,thunk_ComputeNavyOrderDistributionSimilarityScoreForExactSourceNation,0x00538bf0,ComputeNavyOrderDistributionSimilarityScoreForExactSourceNation,calls-via-thunk,refs:TGreatPower.cpp
0x00408251,thunk_FindReachableRecruitSpawnTileWithVisitedReset,0x00514c80,FindReachableRecruitSpawnTileWithVisitedReset,calls-via-thunk,refs:TGreatPower.cpp
0x00408328,thunk_NormalizeWrappedMapCoord108x60,0x00513050,NormalizeWrappedMapCoord108x60,calls-via-thunk,"refs:TMapDialog.cpp,TWorldView.cpp"
0x0040857b,thunk_ComputeDefendProvinceMissionLocalSupportVectorScore,0x0053ea70,ComputeDefendProvinceMissionLocalSupportVectorScore,dormant,-
0x004087fb,thunk_ConstructUiCommandTagResourceEntryBase,0x0048e520,TControl::TControl,claimed-ilt,owned:TControl.cpp; marker:TControl.cpp
0x00408995,thunk_RefreshMapOrderEntryPanel,0x00597810,TToolBarCluster::RefreshMapOrderEntryPanel,calls-via-thunk,refs:TWorldView.cpp
0x004089ae,thunk_InitializeTForeignMinisterStateAndCounters,0x0052f130,InitializeTForeignMinisterStateAndCounters,dormant,-
0x004089f4,thunk_WrapperFor_thunk_ConstructTMinister_At004be840,0x004be840,TMinister::WrapperFor_thunk_ConstructTMinister_At004be840,dormant,-
0x00408a03,thunk_InvalidateCityDialogRectRegion,0x0048b5f0,InvalidateCityDialogRectRegion,calls-via-thunk,"refs:TIndustryAmtBar.cpp,TIndustryCluster.cpp,TMapDialog.cpp,TOneTimeAnimation.cpp,TRailAmtBar.cpp,TRailCluster.cpp,TShipyardCluster.cpp"
0x00408b07,thunk_HandleCursorHoverSelectionByChildHitTestAndFallback,0x0048c080,TControl::HandleCursorHoverSelectionByChildHitTestAndFallback,dormant,-
0x00408b93,thunk_CycleMapInteractionSelectionAfterHandledClick,0x00597a80,TCivToolbar::CycleMapInteractionSelectionAfterHandledClick,dormant,-
0x00408d64,thunk_GetActiveQuickDrawSurfaceContextAndFlags,0x00496270,GetActiveQuickDrawSurfaceContextAndFlags,calls-via-thunk,"refs:TCityProductionView.cpp,TDiplomacyMapView.cpp"
0x00408d6e,thunk_SetQuickDrawTextOriginWithContextOffset,0x00497c80,SetQuickDrawTextOriginWithContextOffset,calls-via-thunk,"refs:TCityProductionView.cpp,TCivDescription.cpp,TTraderAmtBar.cpp,TTwoPicSlider.cpp"
0x00408ed6,thunk_GetResourceTypeRandomDrawBlockFlag,0x00550d80,GetResourceTypeRandomDrawBlockFlag,calls-via-thunk,refs:TCity.cpp
0x00408ef9,thunk_SumWeightedNeighborLinkScoreForLinkedNodes,0x004d83c0,SumWeightedNeighborLinkScoreForLinkedNodes,dormant,-
0x00409048,thunk_FindPortZoneByTile,0x00561bf0,FindPortZoneByTile,calls-via-thunk,refs:TZone.cpp
0x00409089,thunk_DeserializeRecruitScenarioAndInstantiateOrders_At00409089,0x004d6bf0,TCountry::DeserializeRecruitScenarioAndInstantiateOrders,dormant,-
0x004090a2,thunk_AdvanceSpiralSearchStateAndStepHexCoordinates,0x00560470,AdvanceSpiralSearchStateAndStepHexCoordinates,calls-via-thunk,refs:TZone.cpp
0x00409165,thunk_QueueNationPairWarTransition,0x004f09c0,QueueNationPairWarTransition,calls-via-thunk,refs:TGreatPower.cpp
0x0040918d,thunk_AssignSharedStringFromIndexedA8EntryNameField,0x00515ec0,AssignSharedStringFromIndexedA8EntryNameField,calls-via-thunk,"refs:TGreatPower.cpp,TViewMgr.cpp"
0x00409205,thunk_MapTurnEventCodeToPaletteIndex,0x005d5270,MapTurnEventCodeToPaletteIndex,dormant,-
0x0040928c,thunk_EnsureSelectedTaskForceForOrderOwnerAndRefresh,0x00564600,EnsureSelectedTaskForceForOrderOwnerAndRefresh,calls-via-thunk,refs:TWorldView.cpp
0x004093bd,thunk_CreateNavyPrimaryOrderNodeAndAssignDisplayName,0x0054f8e0,CreateNavyPrimaryOrderNodeAndAssignDisplayName,dormant,-
0x004093cc,thunk_MapUiThemeCodeToStyleFlags,0x005c3d20,MapUiThemeCodeToStyleFlags,calls-via-thunk,"refs:TCivDescription.cpp,TTextList.cpp,TTwoPicSlider.cpp"
0x004096b0,thunk_DispatchLocalizedUiMessageWithTemplateA13A0,0x005d5b00,DispatchLocalizedUiMessageWithTemplateA13A0,calls-via-thunk,refs:TViewMgr.cpp
0x00409868,thunk_GetPtrListEntryByOneBasedIndex,0x00488160,GetPtrListEntryByOneBasedIndex,claimed-ilt,owned:TSortedPtrList.cpp
0x00409944,thunk_ConstructDiplomacyTurnStateManager_Vtbl00654d90,0x004ee6c0,ConstructDiplomacyTurnStateManager_Vtbl00654d90,dormant,-
0x00409980,thunk_ConstructUiClickablePictureResourceEntry,0x005717c0,TRadioPictureButton::TRadioPictureButton,dormant,-
0x00409985,thunk_InitializeCivUnitOrderObject,0x005c28c0,TCivWorkOrderState::TCivWorkOrderState,dormant,-
0x00409999,thunk_CopySpriteSurfaceToStrideBuffer_call,0x0050d9e0,CopySpriteSurfaceToStrideBuffer,dormant,-
0x00409a11,thunk_SetGlobalQuickDrawOrigin,0x00495b40,SetGlobalQuickDrawOrigin,dormant,-
