file|n_markers|dominant_module|dominant_n|proposed_subsystem|tail_uncertain|flag|module_spread
ImperialismApp.cpp|29|(before first module sample)|17||9|multi_module|(before first module sample):17+Ambit.cpp:10+WAssetMgr.cpp:2
ImperialismCommandLineInfo.cpp|1|(before first module sample)|1||0||(before first module sample):1
TMapMaker_BuildOverlaySpanRecords.cpp|1|Cross/UMapper.cpp|1|map|0||Cross/UMapper.cpp:1
CAmbitDocument.cpp|8|Ambit.cpp|8|app|8||Ambit.cpp:8
TAnimation.cpp|4|Cross/UAmbit.cpp|4|app|4||Cross/UAmbit.cpp:4
TAnimator.cpp|12|Cross/UAmbit.cpp|12|app|12||Cross/UAmbit.cpp:12
TCivAnimation.cpp|1|Cross/UAmbit.cpp|1|app|1||Cross/UAmbit.cpp:1
TCivAnimation2.cpp|3|Cross/UAmbit.cpp|3|app|3||Cross/UAmbit.cpp:3
TCouncilTickerAnimation.cpp|2|Cross/UAmbit.cpp|2|app|2||Cross/UAmbit.cpp:2
TFocusAnimation.cpp|4|Cross/UAmbit.cpp|4|app|4||Cross/UAmbit.cpp:4
TGWorldPartView.cpp|3|Ambit.cpp|1|app|3|multi_module|Ambit.cpp:1+Cross/UArmyViews.cpp:1+Cross/USetupScreens.cpp:1
TModalTemplateDialog.cpp|1|Ambit.cpp|1|app|1||Ambit.cpp:1
TObject.cpp|6|Ambit.cpp|3|app|6|multi_module|Ambit.cpp:3+IncludeView.cpp:3
TOneTimeAnimation.cpp|3|Cross/UAmbit.cpp|3|app|3||Cross/UAmbit.cpp:3
TOverlayRadioButton.cpp|2|Ambit.cpp|1|app|1|multi_module|Ambit.cpp:1+Cross/UCityViews.cpp:1
TPageCorner.cpp|2|Ambit.cpp|1|app|2|multi_module|Ambit.cpp:1+Cross/UOptionViews.cpp:1
TPanelView.cpp|2|Ambit.cpp|1|app|1|multi_module|Ambit.cpp:1+Cross/UDiplomacyViews.cpp:1
TTechStorePage.cpp|2|Ambit.cpp|1|app|2|multi_module|Ambit.cpp:1+Cross/UTacViews.cpp:1
TTransFocusAnimation.cpp|5|Cross/UAmbit.cpp|5|app|5||Cross/UAmbit.cpp:5
ui_resource_builder.cpp|11|Ambit.cpp|11|app|11||Ambit.cpp:11
CPtrIterator.cpp|3|WAssetMgr.cpp|3|assets|3||WAssetMgr.cpp:3
TAssetMgr.cpp|23|WAssetMgr.cpp|18|assets|7|multi_module|WAssetMgr.cpp:18+Cross/UViewMgr.more.cpp:5
TCdAudioDevice.cpp|19|WAssetMgr.cpp|12|assets|18|multi_module|WAssetMgr.cpp:12+CDib.cpp:7
TLowDiskWarningDialog.cpp|3|WAssetMgr.cpp|3|assets|3||WAssetMgr.cpp:3
TMovieView.cpp|8|WAssetMgr.cpp|8|assets|8||WAssetMgr.cpp:8
timer_slots.cpp|1|WAssetMgr.cpp|1|assets|0||WAssetMgr.cpp:1
wave_helpers.cpp|5|WAssetMgr.cpp|5|assets|5||WAssetMgr.cpp:5
TCapacityOrder.cpp|2|Cross/UCity.cpp|2|city|2||Cross/UCity.cpp:2
TCity.cpp|33|Cross/UCity.cpp|19|city|23|multi_module|Cross/UCity.cpp:19+Cross/UCheaters.cpp:14
TExpansionOrder.cpp|7|Cross/UCity.cpp|7|city|7||Cross/UCity.cpp:7
TFoodProcessingOrder.cpp|6|Cross/UCity.cpp|6|city|6||Cross/UCity.cpp:6
TItemOrder.cpp|8|Cross/UCity.cpp|8|city|8||Cross/UCity.cpp:8
TOrItemOrder.cpp|3|Cross/UCity.cpp|3|city|3||Cross/UCity.cpp:3
TPopGrowthOrder.cpp|6|Cross/UCity.cpp|6|city|6||Cross/UCity.cpp:6
TPopulationMgr.cpp|15|Cross/UCity.cpp|15|city|15||Cross/UCity.cpp:15
TPowerPlantOrder.cpp|8|Cross/UCity.cpp|8|city|8||Cross/UCity.cpp:8
TProductionOrder.cpp|9|Cross/UCity.cpp|9|city|9||Cross/UCity.cpp:9
TShipOrder.cpp|7|Cross/UCity.cpp|7|city|7||Cross/UCity.cpp:7
TTrainingOrder.cpp|6|Cross/UCity.cpp|6|city|6||Cross/UCity.cpp:6
TUnitOrder.cpp|8|Cross/UCity.cpp|8|city|8||Cross/UCity.cpp:8
StrategicMapCallbackRecord.cpp|10|Cross/UCityViews.cpp|9|city_ui|10|multi_module|Cross/UCityViews.cpp:9+Ambit.cpp:1
TArmoryView.cpp|5|Cross/UCityViews.cpp|5|city_ui|0||Cross/UCityViews.cpp:5
TBuildingConstructionView.cpp|3|Cross/UCityViews.cpp|3|city_ui|0||Cross/UCityViews.cpp:3
TBuildingExpansionView.cpp|2|Cross/UCityViews.cpp|2|city_ui|0||Cross/UCityViews.cpp:2
TBuildingView.cpp|7|Cross/UCityMinister.cpp|7|city_ui|7||Cross/UCityMinister.cpp:7
TCityInteriorMinister.cpp|60|Cross/UCityMinister.cpp|54|city_ui|19|multi_module|Cross/UCityMinister.cpp:54+Cross/UCityDialogs.cpp:6
TCityMinisterPersonalities.cpp|12|Cross/UCityMinister.cpp|12|city_ui|12||Cross/UCityMinister.cpp:12
TCityProductionView.cpp|15|Cross/UCityDialogs.cpp|9|city_ui|6|multi_module|Cross/UCityDialogs.cpp:9+Cross/UCity.cpp:6
TCivMgr.cpp|24|Cross/UCityViews.cpp|24|city_ui|24||Cross/UCityViews.cpp:24
TCountry.cpp|48|Cross/UCityViews.cpp|47|city_ui|48|multi_module|Cross/UCityViews.cpp:47+Cross/USetupScreens.cpp:1
TEngineerDialog.cpp|3|Cross/UCityViews.cpp|3|city_ui|0||Cross/UCityViews.cpp:3
TIndustryView.cpp|4|Cross/UCityViews.cpp|4|city_ui|0||Cross/UCityViews.cpp:4
TInteriorMinister.cpp|18|Cross/UCityDialogs.cpp|18|city_ui|18||Cross/UCityDialogs.cpp:18
TLongintList.cpp|11|Cross/UCityMinister.cpp|9|city_ui|11|multi_module|Cross/UCityMinister.cpp:9+IncludeView.cpp:2
TNewTownView.cpp|2|Cross/UCityDialogs.cpp|2|city_ui|0||Cross/UCityDialogs.cpp:2
TPlaceCityDialog.cpp|4|Cross/UCityViews.cpp|4|city_ui|2||Cross/UCityViews.cpp:4
TProvinceDesirabilityList.cpp|3|Cross/UCityViews.cpp|3|city_ui|3||Cross/UCityViews.cpp:3
TPurchaseCluster.cpp|6|Cross/UCityViews.cpp|6|city_ui|0||Cross/UCityViews.cpp:6
TRailheadDialog.cpp|2|Cross/UCityDialogs.cpp|2|city_ui|0||Cross/UCityDialogs.cpp:2
TShipyardView.cpp|9|Cross/UCityViews.cpp|8|city_ui|1|multi_module|Cross/UCityViews.cpp:8+Cross/UCityMinister.cpp:1
TTradeSchoolView.cpp|3|Cross/UCityViews.cpp|3|city_ui|0||Cross/UCityViews.cpp:3
TTransportView.cpp|2|Cross/UCityDialogs.cpp|2|city_ui|0||Cross/UCityDialogs.cpp:2
TUnitsView.cpp|2|Cross/UCityMinister.cpp|2|city_ui|2||Cross/UCityMinister.cpp:2
TUniversityView.cpp|7|Cross/UCityViews.cpp|7|city_ui|0||Cross/UCityViews.cpp:7
TWarehouseView.cpp|4|Cross/UCityMinister.cpp|4|city_ui|4||Cross/UCityMinister.cpp:4
TCountingStream.cpp|7|McAppStream.cpp|7|core|7||McAppStream.cpp:7
TFileStream.cpp|12|McAppStream.cpp|12|core|4||McAppStream.cpp:12
THandleStream.cpp|10|McAppStream.cpp|10|core|10||McAppStream.cpp:10
TMouseCaptureState.cpp|5|McAppStream.cpp|5|core|5||McAppStream.cpp:5
TStream.cpp|40|McAppStream.cpp|36|core|6|multi_module|McAppStream.cpp:36+IncludeView.cpp:4
global_data_tables.cpp|3|McAppStream.cpp|3|core|3||McAppStream.cpp:3
TLaborPool.cpp|4|Cross/UCheaters.cpp|4|debug|4||Cross/UCheaters.cpp:4
TCouncilPanelView.cpp|1|Cross/UDiplomacyViews.cpp|1|diplomacy_ui|1||Cross/UDiplomacyViews.cpp:1
TCouncilView.cpp|5|Cross/UDiplomacyViews.cpp|5|diplomacy_ui|5||Cross/UDiplomacyViews.cpp:5
TDefenseMinisterView.cpp|2|Cross/UDiplomacyViews.cpp|2|diplomacy_ui|0||Cross/UDiplomacyViews.cpp:2
TDiplomacyMapView.cpp|32|Cross/UDiplomacyViews.cpp|30|diplomacy_ui|2|multi_module|Cross/UDiplomacyViews.cpp:30+Ambit.cpp:1+Cross/UCityViews.cpp:1
TForeignMinisterView.cpp|4|Cross/UDiplomacyViews.cpp|4|diplomacy_ui|0||Cross/UDiplomacyViews.cpp:4
TFrameRadioView.cpp|3|Cross/UDiplomacyViews.cpp|3|diplomacy_ui|3||Cross/UDiplomacyViews.cpp:3
TGrantsView.cpp|4|Cross/UDiplomacyViews.cpp|4|diplomacy_ui|0||Cross/UDiplomacyViews.cpp:4
TInfoPanelView.cpp|5|Cross/UDiplomacyViews.cpp|5|diplomacy_ui|5||Cross/UDiplomacyViews.cpp:5
TInteriorMinisterView.cpp|2|Cross/UDiplomacyViews.cpp|2|diplomacy_ui|0||Cross/UDiplomacyViews.cpp:2
TMapKey.cpp|6|Cross/UDiplomacyViews.cpp|6|diplomacy_ui|6||Cross/UDiplomacyViews.cpp:6
TMinisterView.cpp|7|Cross/UDiplomacyViews.cpp|5|diplomacy_ui|2|multi_module|Cross/UDiplomacyViews.cpp:5+Cross/UDefenseMinister.cpp:2
TNominationView.cpp|3|Cross/UDiplomacyViews.cpp|2|diplomacy_ui|3|multi_module|Cross/UDiplomacyViews.cpp:2+Ambit.cpp:1
TOffersPanelView.cpp|7|Cross/UDiplomacyViews.cpp|7|diplomacy_ui|0||Cross/UDiplomacyViews.cpp:7
TRearFloatWindow.cpp|2|Cross/UDiplomacyViews.cpp|2|diplomacy_ui|0||Cross/UDiplomacyViews.cpp:2
TScoreGraph.cpp|2|Cross/UDiplomacyViews.cpp|2|diplomacy_ui|2||Cross/UDiplomacyViews.cpp:2
TTradePanelView.cpp|4|Cross/UDiplomacyViews.cpp|4|diplomacy_ui|0||Cross/UDiplomacyViews.cpp:4
TTreatiesView.cpp|4|Cross/UDiplomacyViews.cpp|4|diplomacy_ui|0||Cross/UDiplomacyViews.cpp:4
CDib.cpp|25|CDib.cpp|19|gfx|24|multi_module|CDib.cpp:19+Ambit.cpp:5+Cross/UOptionViews.cpp:1
CDibPal.cpp|11|CDib.cpp|11|gfx|11||CDib.cpp:11
CTemporaryRegion.cpp|2|QuickDraw.cpp|2|gfx|0||QuickDraw.cpp:2
TAdorner.cpp|9|QuickDraw.cpp|9|gfx|9||QuickDraw.cpp:9
TAmbitApplication.cpp|10|QuickDraw.cpp|8|gfx|10|multi_module|QuickDraw.cpp:8+Ambit.cpp:1+McAppUI.cpp:1
TAmbitFileBasedDocument.cpp|6|QuickDraw.cpp|3|gfx|3|multi_module|QuickDraw.cpp:3+Cross/UAmbit.cpp:3
TAutoResolutionDialog.cpp|3|CDib.cpp|3|gfx|3||CDib.cpp:3
TBackdropWindow.cpp|8|QuickDraw.cpp|8|gfx|8||QuickDraw.cpp:8
TColorFill.cpp|1|Cross/UDisplayMgr.cpp|1|gfx|0||Cross/UDisplayMgr.cpp:1
TDialogView.cpp|1|QuickDraw.cpp|1|gfx|1||QuickDraw.cpp:1
TDisplayMgr.cpp|19|Cross/UDisplayMgr.cpp|15|gfx|4|multi_module|Cross/UDisplayMgr.cpp:15+McWindow.cpp:2+McAppUI.cpp:1+Cross/UDiplomacyViews.cpp:1
TDlgWindow.cpp|2|Cross/UDisplayMgr.cpp|1|gfx|1|multi_module|Cross/UDisplayMgr.cpp:1+Cross/UGameWindow.cpp:1
TFuzzySet.cpp|3|Cross/UDisplayMgr.cpp|3|gfx|3||Cross/UDisplayMgr.cpp:3
TFuzzySet_AllocateAndAppendRecord.cpp|1|Cross/UDisplayMgr.cpp|1|gfx|1||Cross/UDisplayMgr.cpp:1
TGWorldPeeker.cpp|1|Cross/UDisplayMgr.cpp|1|gfx|1||Cross/UDisplayMgr.cpp:1
TGameWindow.cpp|9|Cross/UDisplayMgr.cpp|9|gfx|9||Cross/UDisplayMgr.cpp:9
TModalDialogBase.cpp|4|QuickDraw.cpp|3|gfx|3|multi_module|QuickDraw.cpp:3+(before first module sample):1
TModuleLibraryCacheTableStateB.cpp|16|QuickDraw.cpp|16|gfx|16||QuickDraw.cpp:16
TNewGameCommand.cpp|1|QuickDraw.cpp|1|gfx|1||QuickDraw.cpp:1
TSoundResourceManager.cpp|14|QuickDraw.cpp|14|gfx|14||QuickDraw.cpp:14
TTemplateDialogs.cpp|61|CDib.cpp|20|gfx|58|multi_module|CDib.cpp:20+DirectPlay.cpp:15+Cross/UViewMgr.more.cpp:11+QuickDraw.cpp:6+(before first module sample):3+DiplomacyDialogs.cpp:3+IncludeView.cpp:2+Ambit.cpp:1
quickdraw_regions.cpp|21|QuickDraw.cpp|13|gfx|10|multi_module|QuickDraw.cpp:13+McWindow.cpp:8
ui_invalidation_guard.cpp|1|QuickDraw.cpp|1|gfx|1||QuickDraw.cpp:1
TBeachheadMission.cpp|9|Cross/UMapper.cpp|9|map|9||Cross/UMapper.cpp:9
TBlockadePortMission.cpp|12|Cross/UMapper.cpp|12|map|12||Cross/UMapper.cpp:12
TControlSeaZoneMission.cpp|10|Cross/UMapper.cpp|10|map|10||Cross/UMapper.cpp:10
TEscortMission.cpp|10|Cross/UMapper.cpp|10|map|10||Cross/UMapper.cpp:10
TForeignMinister.cpp|27|Cross/UMapper.cpp|27|nation|27||Cross/UMapper.cpp:27
TForeignMinisterPersonalities.cpp|39|Cross/UMapper.cpp|39|nation|39||Cross/UMapper.cpp:39
TIndexAndRankList.cpp|2|Cross/UMapper.cpp|2|map|2||Cross/UMapper.cpp:2
TMapMaker_AssignRegionsScanline.cpp|1|Cross/UMapper.cpp|1|map|0||Cross/UMapper.cpp:1
TMapMaker_BuildCityRegionBorders.cpp|1|Cross/UMapper.cpp|1|map|0||Cross/UMapper.cpp:1
TMapMaker_GenerateRegions.cpp|1|Cross/UMapper.cpp|1|map|0||Cross/UMapper.cpp:1
TMapMaker_MergeSmallCityRegions.cpp|1|Cross/UMapper.cpp|1|map|0||Cross/UMapper.cpp:1
TMapMaker_RebuildRoute.cpp|1|Cross/UMapper.cpp|1|map|0||Cross/UMapper.cpp:1
TMapMaker_ReindexRegions.cpp|1|Cross/UMapper.cpp|1|map|0||Cross/UMapper.cpp:1
TMapMaker_RotateMapColumns.cpp|1|Cross/UMapper.cpp|1|map|0||Cross/UMapper.cpp:1
TMapMgr.cpp|138|Cross/UMap.cpp|123|map|77|multi_module|Cross/UMap.cpp:123+Cross/UMacViewMgr.cpp:7+Cross/UNewspaper.cpp:3+Cross/UOcean.cpp:3+Cross/UArmyMgr.cpp:1+Cross/UMapDlog.cpp:1
TMapUberPicture.cpp|34|Cross/USuperMap.cpp|21|map|13|multi_module|Cross/USuperMap.cpp:21+Cross/USmallViews.cpp:13
TMiniMapView.cpp|3|Cross/USuperMap.cpp|3|map|3||Cross/USuperMap.cpp:3
TMinister.cpp|14|Cross/UMapper.cpp|14|map|14||Cross/UMapper.cpp:14
TMission.cpp|37|Cross/UMapper.cpp|37|map|37||Cross/UMapper.cpp:37
TNavyMission.cpp|37|Cross/UMapper.cpp|37|map|37||Cross/UMapper.cpp:37
TScatteredShipsMission.cpp|13|Cross/UMapper.cpp|13|map|13||Cross/UMapper.cpp:13
TSortByPriceList.cpp|2|Cross/UMapper.cpp|2|map|2||Cross/UMapper.cpp:2
TTacticalPlayer.cpp|14|Cross/USuperMap.cpp|14|map|14||Cross/USuperMap.cpp:14
TTerrainInfoDialog.cpp|1|Cross/UMap.cpp|1|map|1||Cross/UMap.cpp:1
map_overlay_geometry.cpp|7|Cross/UMapper.cpp|3|map|5|multi_module|Cross/UMapper.cpp:3+Cross/UIcon.cpp:1+Cross/UMapDlog.cpp:1+Cross/UNavy.cpp:1+Cross/UOceanViews.cpp:1
sea_geometry.cpp|7|Cross/UMapper.cpp|7|map|0||Cross/UMapper.cpp:7
TCitySiteView.cpp|7|Cross/UMapDlog.cpp|7|map_ui|7||Cross/UMapDlog.cpp:7
TMapDialog.cpp|60|Cross/UMapDlog.cpp|43|map_ui|58|multi_module|Cross/UMapDlog.cpp:43+Cross/UMap.cpp:17
TMapEditView.cpp|13|Cross/UMapDlog.cpp|13|map_ui|13||Cross/UMapDlog.cpp:13
TMapMaker.cpp|31|Cross/UMapDlog.cpp|26|map_generation|29|multi_module|Cross/UMapDlog.cpp:26+Cross/UMapper.cpp:5
TMapMaker_RandomizeTemplates.cpp|1|Cross/UMapDlog.cpp|1|map_ui|1||Cross/UMapDlog.cpp:1
TTownNameDialog.cpp|3|Cross/UMapDlog.cpp|3|map_ui|1||Cross/UMapDlog.cpp:3
CStr255.cpp|1|Cross/UArmyMgr.cpp|1|military|0||Cross/UArmyMgr.cpp:1
NetMessage.cpp|5|Cross/UMissionSubs.cpp|5|military|5||Cross/UMissionSubs.cpp:5
TArmyMgr.cpp|48|Cross/UArmyMgr.cpp|39|military|9|multi_module|Cross/UArmyMgr.cpp:39+Cross/UAmbit.cpp:9
TArmyMission.cpp|25|Cross/UMissionSubs.cpp|21|military|24|multi_module|Cross/UMissionSubs.cpp:21+Cross/UMapper.cpp:4
TArmyStack.cpp|12|Cross/UArmyMgr.cpp|12|military|5||Cross/UArmyMgr.cpp:12
TArmyStackList.cpp|2|Cross/UArmyMgr.cpp|2|military|2||Cross/UArmyMgr.cpp:2
TArmyUnitLine.cpp|2|Cross/UArmyMgr.cpp|2|military|2||Cross/UArmyMgr.cpp:2
TArmyUnitView.cpp|4|Cross/UArmyMgr.cpp|2|military|2|multi_module|Cross/UArmyMgr.cpp:2+Cross/UArmyViews.cpp:2
TAttackProvinceMission.cpp|15|Cross/UMissionSubs.cpp|15|military|15||Cross/UMissionSubs.cpp:15
TAutoGreatPower_ComputeBestNationTileDevelopmentScore.cpp|1|Cross/UMissionSubs.cpp|1|military|1||Cross/UMissionSubs.cpp:1
TCancelGameOptionsCommand.cpp|1|Cross/UMissionSubs.cpp|1|military|1||Cross/UMissionSubs.cpp:1
TCivUnit.cpp|11|Cross/UUnit.cpp|11|military|11||Cross/UUnit.cpp:11
TClientGreatPower.cpp|9|Cross/UMissionSubs.cpp|9|military|9||Cross/UMissionSubs.cpp:9
TDefendProvinceMission.cpp|15|Cross/UMissionSubs.cpp|10|military|15|multi_module|Cross/UMissionSubs.cpp:10+Cross/UMapper.cpp:5
TGarrisonView.cpp|3|Cross/UArmyMgr.cpp|3|military|3||Cross/UArmyMgr.cpp:3
TGreatPower_power_score.cpp|1|Cross/UMissionSubs.cpp|1|military|1||Cross/UMissionSubs.cpp:1
THostGreatPower.cpp|7|Cross/UMissionSubs.cpp|7|military|7||Cross/UMissionSubs.cpp:7
TInvadeMission.cpp|27|Cross/UMissionSubs.cpp|27|military|27||Cross/UMissionSubs.cpp:27
TMilitaryUnit.cpp|22|Cross/UUnit.cpp|21|military|21|multi_module|Cross/UUnit.cpp:21+Cross/UArmyMgr.cpp:1
TProxyGreatPower.cpp|15|Cross/UMissionSubs.cpp|15|military|15||Cross/UMissionSubs.cpp:15
TRemoteGreatPower.cpp|21|Cross/UMissionSubs.cpp|21|military|21||Cross/UMissionSubs.cpp:21
TRemoteMinor.cpp|4|Cross/UMissionSubs.cpp|4|military|4||Cross/UMissionSubs.cpp:4
TUnit.cpp|9|Cross/UUnit.cpp|7|military|8|multi_module|Cross/UUnit.cpp:7+Cross/UTradeViews.cpp:2
map_context_flavor_builders.cpp|26|Cross/UUnit.cpp|26|military|26||Cross/UUnit.cpp:26
mapped_flavor_text.cpp|11|Cross/UUnit.cpp|7|military|11|multi_module|Cross/UUnit.cpp:7+Cross/USetupScreens.cpp:3+Cross/UOptionViews.cpp:1
ui_text_label_helpers.cpp|19|Cross/UUnit.cpp|19|military|19||Cross/UUnit.cpp:19
TArmyBoyView.cpp|1|Cross/UBattleReportViews.cpp|1|military_ui|1||Cross/UBattleReportViews.cpp:1
TArmyCheckBox.cpp|11|Cross/UArmyViews.cpp|11|military_ui|11||Cross/UArmyViews.cpp:11
TBatRepDetLine.cpp|1|Cross/UBattleReportViews.cpp|1|military_ui|1||Cross/UBattleReportViews.cpp:1
TBattleDetailBook.cpp|1|Cross/UBattleReportViews.cpp|1|military_ui|1||Cross/UBattleReportViews.cpp:1
TBattleReportView.cpp|9|Cross/UBattleReportViews.cpp|6|military_ui|8|multi_module|Cross/UBattleReportViews.cpp:6+Cross/UArmyViews.cpp:3
TBattleUnitsView.cpp|2|Cross/UBattleReportViews.cpp|2|military_ui|2||Cross/UBattleReportViews.cpp:2
TCheater.cpp|1|Cross/UBattleReportViews.cpp|1|military_ui|1||Cross/UBattleReportViews.cpp:1
TDefenseMinister.cpp|17|Cross/UDefenseMinister.cpp|9|military_ui|13|multi_module|Cross/UDefenseMinister.cpp:9+Cross/UCountryAuto.cpp:8
TDefenseMinisterPersonalities.cpp|15|Cross/UDefenseMinister.cpp|15|military_ui|15||Cross/UDefenseMinister.cpp:15
TDiplomacyMgr.cpp|49|Cross/UDefenseMinister.cpp|47|military_ui|48|multi_module|Cross/UDefenseMinister.cpp:47+(before first module sample):1+Cross/UMissionSubs.cpp:1
TDropShadowTextBehavior.cpp|2|Cross/UBattleReportViews.cpp|2|military_ui|2||Cross/UBattleReportViews.cpp:2
THotspotBehavior.cpp|2|Cross/UBattleReportViews.cpp|2|military_ui|2||Cross/UBattleReportViews.cpp:2
TIdleMeAnimation.cpp|2|Cross/UArmyViews.cpp|2|military_ui|2||Cross/UArmyViews.cpp:2
TInfoBarBehavior.cpp|3|Cross/UBattleReportViews.cpp|3|military_ui|3||Cross/UBattleReportViews.cpp:3
TInterruptusView.cpp|1|Cross/UBattleReportViews.cpp|1|military_ui|1||Cross/UBattleReportViews.cpp:1
TItemBoyView.cpp|2|Cross/UBattleReportViews.cpp|2|military_ui|2||Cross/UBattleReportViews.cpp:2
TMerchantBoyView.cpp|1|Cross/UBattleReportViews.cpp|1|military_ui|1||Cross/UBattleReportViews.cpp:1
TMiniArmyLine.cpp|1|Cross/UArmyViews.cpp|1|military_ui|1||Cross/UArmyViews.cpp:1
TMiniArmyView.cpp|3|Cross/UArmyViews.cpp|3|military_ui|3||Cross/UArmyViews.cpp:3
TMiniCivLine.cpp|1|Cross/UArmyViews.cpp|1|military_ui|1||Cross/UArmyViews.cpp:1
TMiniCivView.cpp|4|Cross/UArmyViews.cpp|4|military_ui|4||Cross/UArmyViews.cpp:4
TNavyBoyView.cpp|1|Cross/UBattleReportViews.cpp|1|military_ui|1||Cross/UBattleReportViews.cpp:1
TNextDiplomationCommand.cpp|3|Cross/UDefenseMinister.cpp|3|military_ui|3||Cross/UDefenseMinister.cpp:3
TSortedByRelationshipList.cpp|3|Cross/UDefenseMinister.cpp|3|military_ui|3||Cross/UDefenseMinister.cpp:3
TSuperArmyRoster.cpp|1|Cross/UArmyViews.cpp|1|military_ui|1||Cross/UArmyViews.cpp:1
TSuperCivRoster.cpp|1|Cross/UArmyViews.cpp|1|military_ui|1||Cross/UArmyViews.cpp:1
TSwapperDaddyView.cpp|1|Cross/UArmyViews.cpp|1|military_ui|1||Cross/UArmyViews.cpp:1
TTechCheater.cpp|1|Cross/UBattleReportViews.cpp|1|military_ui|1||Cross/UBattleReportViews.cpp:1
TAutoGreatPower.cpp|63|Cross/UCountry.cpp|33|nation|62|multi_module|Cross/UCountry.cpp:33+Cross/UCountryAuto.cpp:29+Cross/UMapper.cpp:1
TGreatPower.cpp|177|Cross/UCountry.cpp|148|nation|176|multi_module|Cross/UCountry.cpp:148+Cross/UCityViews.cpp:24+Cross/UCountryAuto.cpp:4+Cross/UTestDialogs.cpp:1
TLandSaleEvent.cpp|2|Cross/UCountry.cpp|2|nation|2||Cross/UCountry.cpp:2
TMinor.cpp|30|Cross/UCountry.cpp|30|nation|30||Cross/UCountry.cpp:30
TTurnStartEvent.cpp|1|Cross/UCountry.cpp|1|nation|1||Cross/UCountry.cpp:1
TAdmiral.cpp|13|Cross/UNavy.cpp|13|navy|0||Cross/UNavy.cpp:13
TMapOrderChildLinkNode.cpp|6|Cross/UNavy.cpp|5|navy|1|multi_module|Cross/UNavy.cpp:5+Cross/UMapper.cpp:1
TMilitaryPageView.cpp|5|Cross/UOcean.cpp|5|navy|5||Cross/UOcean.cpp:5
TNavyMgr.cpp|29|Cross/UNavy.cpp|26|navy|14|multi_module|Cross/UNavy.cpp:26+Cross/UMultiplayerMgr.cpp:2+Cross/UMacViewMgr.cpp:1
TOcean.cpp|21|Cross/UOcean.cpp|18|navy|9|multi_module|Cross/UOcean.cpp:18+Cross/UMapper.cpp:1+Cross/UNewspaper.cpp:1+Cross/USmallViews.cpp:1
TShip.cpp|33|Cross/UNavy.cpp|30|navy|3|multi_module|Cross/UNavy.cpp:30+Cross/UMultiplayerMgr.cpp:2+Cross/UMapper.cpp:1
TTaskForce.cpp|53|Cross/UNavy.cpp|53|navy|1||Cross/UNavy.cpp:53
trade_resource_lookup.cpp|8|Cross/UNavy.cpp|8|navy|0||Cross/UNavy.cpp:8
tship_navy_order_node.cpp|1|Cross/UNavy.cpp|1|navy|0||Cross/UNavy.cpp:1
TDisappearingButton.cpp|3|Cross/UOceanViews.cpp|3|navy_ui|3||Cross/UOceanViews.cpp:3
TFlagOptionsPicture.cpp|2|Cross/UOceanViews.cpp|2|navy_ui|2||Cross/UOceanViews.cpp:2
TGameInfoPicture.cpp|2|Cross/UOceanViews.cpp|2|navy_ui|2||Cross/UOceanViews.cpp:2
TGamePreferencesPicture.cpp|2|Cross/UOceanViews.cpp|2|navy_ui|2||Cross/UOceanViews.cpp:2
TMiniShipLine.cpp|1|Cross/UOceanViews.cpp|1|navy_ui|1||Cross/UOceanViews.cpp:1
TMiniShipView.cpp|3|Cross/UOceanViews.cpp|3|navy_ui|3||Cross/UOceanViews.cpp:3
TNavyRoster.cpp|3|Cross/UOceanViews.cpp|2|navy_ui|1|multi_module|Cross/UOceanViews.cpp:2+Cross/UOcean.cpp:1
TNavyToolbarCluster.cpp|4|Cross/UOceanViews.cpp|4|navy_ui|4||Cross/UOceanViews.cpp:4
TOceanDialog.cpp|18|Cross/UOceanViews.cpp|18|navy_ui|18||Cross/UOceanViews.cpp:18
TShipFractionCluster.cpp|4|Cross/UOceanViews.cpp|3|navy_ui|4|multi_module|Cross/UOceanViews.cpp:3+Ambit.cpp:1
TShipLine.cpp|1|Cross/UOceanViews.cpp|1|navy_ui|0||Cross/UOceanViews.cpp:1
TShipPlacard.cpp|2|Cross/UOceanViews.cpp|2|navy_ui|2||Cross/UOceanViews.cpp:2
TShipView.cpp|3|Cross/UOceanViews.cpp|3|navy_ui|0||Cross/UOceanViews.cpp:3
TSuperNavyRoster.cpp|1|Cross/UOceanViews.cpp|1|navy_ui|1||Cross/UOceanViews.cpp:1
TJoinSelectorDialog.cpp|4|Cross/UMultiplayerMgr.cpp|4|net|4||Cross/UMultiplayerMgr.cpp:4
TLoungeDialog.cpp|6|Cross/UMultiplayerMgr.cpp|6|net|6||Cross/UMultiplayerMgr.cpp:6
TMadnessButton.cpp|2|Cross/UMultiplayerMgr.cpp|2|net|2||Cross/UMultiplayerMgr.cpp:2
TMultiMessagePicture.cpp|1|Cross/UMultiplayerMgr.cpp|1|net|1||Cross/UMultiplayerMgr.cpp:1
TMultiplayerMgr.cpp|77|Cross/UMultiplayerMgr.cpp|46|net|52|multi_module|Cross/UMultiplayerMgr.cpp:46+Cross/UMissionSubs.cpp:29+Cross/UMap.cpp:1+WAssetMgr.cpp:1
TMultiplayerMgr_HandleDiplomacyTurnEvent.cpp|6|Cross/UMultiplayerMgr.cpp|4|net|3|multi_module|Cross/UMultiplayerMgr.cpp:4+Cross/UMissionSubs.cpp:2
TNetMgr.cpp|20|WNetMgr.cpp|15|net|10|multi_module|WNetMgr.cpp:15+WAssetMgr.cpp:5
TPoseMessageDialog.cpp|2|Cross/UMultiplayerMgr.cpp|2|net|0||Cross/UMultiplayerMgr.cpp:2
TWNetSessionManager.cpp|28|DirectPlay.cpp|17|net|14|multi_module|DirectPlay.cpp:17+WAssetMgr.cpp:8+DiplomacyDialogs.cpp:3
TArmyBattle.cpp|7|Cross/UTacPlayer.cpp|7|tactical|7||Cross/UTacPlayer.cpp:7
TArmyPlayer.cpp|50|Cross/UTacPlayer.cpp|43|tactical|49|multi_module|Cross/UTacPlayer.cpp:43+Cross/USuperMap.cpp:6+Cross/UMapper.cpp:1
TArmyTacUnit.cpp|7|Cross/UTacPlayer.cpp|7|tactical|7||Cross/UTacPlayer.cpp:7
TNavyAutoPlayer.cpp|2|Cross/UTacPlayer.cpp|2|tactical|2||Cross/UTacPlayer.cpp:2
TNavyBattle.cpp|7|Cross/UTacPlayer.cpp|7|tactical|7||Cross/UTacPlayer.cpp:7
TNavyHumanPlayer.cpp|1|Cross/UTacPlayer.cpp|1|tactical|1||Cross/UTacPlayer.cpp:1
TNavyPlayer.cpp|3|Cross/UTacPlayer.cpp|3|tactical|3||Cross/UTacPlayer.cpp:3
TNavyTacUnit.cpp|7|Cross/UTacPlayer.cpp|7|tactical|7||Cross/UTacPlayer.cpp:7
TNextMoveCommand.cpp|1|Cross/UTacPlayer.cpp|1|tactical|1||Cross/UTacPlayer.cpp:1
TTacticalBattle.cpp|56|Cross/UTacPlayer.cpp|56|tactical|56||Cross/UTacPlayer.cpp:56
TTacticalBattleView.cpp|32|Cross/UTacPlayer.cpp|27|tactical|32|multi_module|Cross/UTacPlayer.cpp:27+Cross/UTacViews.cpp:3+QuickDraw.cpp:2
TTacticalUnit.cpp|7|Cross/UTacPlayer.cpp|7|tactical|7||Cross/UTacPlayer.cpp:7
hex_tile_distance.cpp|1|Cross/UTacPlayer.cpp|1|tactical|1||Cross/UTacPlayer.cpp:1
TCityTask.cpp|10|Cross/UTacViews.cpp|10|tactical_ui|10||Cross/UTacViews.cpp:10
TGameSetupDialog.cpp|1|Cross/UTacViews.cpp|1|tactical_ui|1||Cross/UTacViews.cpp:1
TMapEditCluster.cpp|1|Cross/UTacViews.cpp|1|tactical_ui|1||Cross/UTacViews.cpp:1
TShipBuildingTask.cpp|5|Cross/UTacViews.cpp|5|tactical_ui|5||Cross/UTacViews.cpp:5
TTacArmyView.cpp|3|Cross/UTacViews.cpp|3|tactical_ui|2||Cross/UTacViews.cpp:3
TTacMapUberPicture.cpp|3|Cross/UTacViews.cpp|2|tactical_ui|3|multi_module|Cross/UTacViews.cpp:2+Ambit.cpp:1
TTacNavyToolbar.cpp|4|Cross/UTacViews.cpp|4|tactical_ui|4||Cross/UTacViews.cpp:4
TTacticalAdiosPicture.cpp|2|Cross/UTacViews.cpp|2|tactical_ui|2||Cross/UTacViews.cpp:2
TTacticalHolaPicture.cpp|1|Cross/UTacViews.cpp|1|tactical_ui|1||Cross/UTacViews.cpp:1
TTacticalToolbar.cpp|6|Cross/UTacViews.cpp|6|tactical_ui|6||Cross/UTacViews.cpp:6
TTask.cpp|3|Cross/UTacViews.cpp|3|tactical_ui|3||Cross/UTacViews.cpp:3
TTaskList.cpp|2|Cross/UTacViews.cpp|2|tactical_ui|2||Cross/UTacViews.cpp:2
TTechHistoryView.cpp|1|Cross/UTacViews.cpp|1|tactical_ui|1||Cross/UTacViews.cpp:1
TTechItemLine.cpp|1|Cross/UTacViews.cpp|1|tactical_ui|1||Cross/UTacViews.cpp:1
TTechItemView.cpp|2|Cross/UTacViews.cpp|2|tactical_ui|2||Cross/UTacViews.cpp:2
TTechMgr.cpp|19|Cross/UTacViews.cpp|18|tactical_ui|18|multi_module|Cross/UTacViews.cpp:18+Cross/UNavy.cpp:1
TCommodityLine.cpp|2|Cross/UTradeViews.cpp|2|trade_ui|2||Cross/UTradeViews.cpp:2
TDealBookPicture.cpp|6|Cross/UTradeViews.cpp|6|trade_ui|0||Cross/UTradeViews.cpp:6
TDealLine.cpp|2|Cross/UTradeViews.cpp|2|trade_ui|2||Cross/UTradeViews.cpp:2
TDealTabControl.cpp|4|Cross/UTradeViews.cpp|4|trade_ui|0||Cross/UTradeViews.cpp:4
TOfferDeskPicture.cpp|9|Cross/UTradeViews.cpp|9|trade_ui|0||Cross/UTradeViews.cpp:9
TTradeBidNationLine.cpp|1|Cross/UTradeViews.cpp|1|trade_ui|0||Cross/UTradeViews.cpp:1
TTradeBidNationView.cpp|1|Cross/UTradeViews.cpp|1|trade_ui|0||Cross/UTradeViews.cpp:1
TTradeBookView.cpp|4|Cross/UTradeViews.cpp|4|trade_ui|0||Cross/UTradeViews.cpp:4
TTradeOfferNationLine.cpp|1|Cross/UTradeViews.cpp|1|trade_ui|0||Cross/UTradeViews.cpp:1
TTradeOfferNationView.cpp|1|Cross/UTradeViews.cpp|1|trade_ui|0||Cross/UTradeViews.cpp:1
TTradePageBuyView.cpp|1|Cross/UTradeViews.cpp|1|trade_ui|0||Cross/UTradeViews.cpp:1
TTradePageSellView.cpp|1|Cross/UTradeViews.cpp|1|trade_ui|0||Cross/UTradeViews.cpp:1
TTradeTotalsLine.cpp|2|Cross/UTradeViews.cpp|2|trade_ui|2||Cross/UTradeViews.cpp:2
TTradeTotalsView.cpp|2|Cross/UTradeViews.cpp|2|trade_ui|2||Cross/UTradeViews.cpp:2
CIncludeView.cpp|30|IncludeView.cpp|22|ui_core|23|multi_module|IncludeView.cpp:22+DirectPlay.cpp:6+McAppUI.cpp:2
CIterator.cpp|3|IncludeView.cpp|3|ui_core|3||IncludeView.cpp:3
CMainFrame.cpp|20|IncludeView.cpp|20|ui_core|20||IncludeView.cpp:20
CMcWindow.cpp|17|McWindow.cpp|17|ui_core|16||McWindow.cpp:17
CWMgrIterator.cpp|5|McAppUI.cpp|5|ui_core|5||McAppUI.cpp:5
MciMovieWindowState.cpp|5|McAppUI.cpp|5|ui_core|5||McAppUI.cpp:5
ScopedMapQuickDrawContext.cpp|7|McWindow.cpp|7|ui_core|7||McWindow.cpp:7
TApplication.cpp|12|IncludeView.cpp|10|ui_core|12|multi_module|IncludeView.cpp:10+Ambit.cpp:1+QuickDraw.cpp:1
TBehavior.cpp|5|IncludeView.cpp|5|ui_core|5||IncludeView.cpp:5
TBitmapResourceLoader.cpp|4|McWindow.cpp|2|ui_core|4|multi_module|McWindow.cpp:2+Cross/UAmbit.cpp:2
TBitmapSurfaceContextDescriptor.cpp|3|McWindow.cpp|3|ui_core|3||McWindow.cpp:3
TBitmapSurfaceNode.cpp|1|McWindow.cpp|1|ui_core|1||McWindow.cpp:1
TCluster.cpp|5|McAppUI.cpp|5|ui_core|5||McAppUI.cpp:5
TCommand.cpp|5|IncludeView.cpp|5|ui_core|5||IncludeView.cpp:5
TCommandHandler.cpp|1|IncludeView.cpp|1|ui_core|1||IncludeView.cpp:1
TControl.cpp|17|McAppUI.cpp|11|ui_core|5|multi_module|McAppUI.cpp:11+Ambit.cpp:4+Cross/UDiplomacyViews.cpp:1+Cross/USmallViews.cpp:1
TDialogBehavior.cpp|7|IncludeView.cpp|7|ui_core|7||IncludeView.cpp:7
TDocument.cpp|2|IncludeView.cpp|2|ui_core|2||IncludeView.cpp:2
TEditText.cpp|18|McAppUI.cpp|18|ui_core|10||McAppUI.cpp:18
TEventHandler.cpp|33|McAppUI.cpp|30|ui_core|3|multi_module|McAppUI.cpp:30+Ambit.cpp:2+Cross/UUnit.cpp:1
TFloatWindow.cpp|3|McAppUI.cpp|3|ui_core|3||McAppUI.cpp:3
THelpMgr.cpp|21|Cross/UGameWindow.cpp|17|ui_core|18|multi_module|Cross/UGameWindow.cpp:17+Cross/UHelpMgr.cpp:4
TIncludeView.cpp|3|McAppUI.cpp|3|ui_core|0||McAppUI.cpp:3
TLanguageMgr.cpp|12|Cross/UIcon.cpp|10|ui_core|12|multi_module|Cross/UIcon.cpp:10+Cross/UNavy.cpp:1+Cross/UNewspaper.cpp:1
TMacViewMgr.cpp|39|Cross/UMacViewMgr.cpp|23|ui_core|21|multi_module|Cross/UMacViewMgr.cpp:23+Cross/UIcon.cpp:16
TModalMessageCommand.cpp|1|Cross/UViewMgr.cpp|1|ui_core|1||Cross/UViewMgr.cpp:1
TNumberText.cpp|5|McAppUI.cpp|4|ui_core|5|multi_module|McAppUI.cpp:4+Ambit.cpp:1
TNumberedIcon.cpp|4|Cross/UIcon.cpp|4|ui_core|4||Cross/UIcon.cpp:4
TNumberedItem.cpp|3|Cross/UIcon.cpp|3|ui_core|3||Cross/UIcon.cpp:3
TOrderView.cpp|4|Cross/UIcon.cpp|3|ui_core|1|multi_module|Cross/UIcon.cpp:3+Cross/UHelpMgr.cpp:1
TPicture.cpp|8|McAppUI.cpp|8|ui_core|0||McAppUI.cpp:8
TPtrList.cpp|1|IncludeView.cpp|1|ui_core|1||IncludeView.cpp:1
TScroller.cpp|1|McAppUI.cpp|1|ui_core|0||McAppUI.cpp:1
TSortedList.cpp|26|IncludeView.cpp|26|ui_core|26||IncludeView.cpp:26
TSortedPtrList.cpp|13|IncludeView.cpp|11|ui_core|13|multi_module|IncludeView.cpp:11+WAssetMgr.cpp:2
TStaticText.cpp|11|McAppUI.cpp|9|ui_core|2|multi_module|McAppUI.cpp:9+Ambit.cpp:1+IncludeView.cpp:1
TTEView.cpp|7|IncludeView.cpp|6|ui_core|7|multi_module|IncludeView.cpp:6+Ambit.cpp:1
TTurnEventDialogFactoryRegistry.cpp|9|McAppUI.cpp|9|ui_core|9||McAppUI.cpp:9
TUiEvent.cpp|2|IncludeView.cpp|2|ui_core|2||IncludeView.cpp:2
TView.cpp|84|McAppUI.cpp|69|ui_core|15|multi_module|McAppUI.cpp:69+Ambit.cpp:15
TViewMgr.cpp|82|Cross/UViewMgr.cpp|54|ui_core|15|multi_module|Cross/UViewMgr.cpp:54+Cross/UViewMgr.more.cpp:18+Cross/UUnit.cpp:10
TWindow.cpp|35|McAppUI.cpp|35|ui_core|7||McAppUI.cpp:35
bitmap_descriptor_helpers.cpp|11|McWindow.cpp|9|ui_core|10|multi_module|McWindow.cpp:9+QuickDraw.cpp:1+Cross/UUnit.cpp:1
quickdraw_rendering.cpp|30|McWindow.cpp|23|ui_core|25|multi_module|McWindow.cpp:23+QuickDraw.cpp:6+Cross/UUnit.cpp:1
ui_message_pump.cpp|1|IncludeView.cpp|1|ui_core|1||IncludeView.cpp:1
ui_timing.cpp|2|McAppUI.cpp|1|ui_core|2|multi_module|McAppUI.cpp:1+Cross/UUnit.cpp:1
CString.cpp|1|Cross/USetupScreens.cpp|1|core|1||Cross/USetupScreens.cpp:1
T2PictureButton.cpp|2|Cross/UOptionViews.cpp|2|ui_screens|2||Cross/UOptionViews.cpp:2
TAlwaysPictureButton.cpp|3|Cross/UOptionViews.cpp|3|ui_screens|3||Cross/UOptionViews.cpp:3
TArrowsControl.cpp|2|Cross/USetupScreens.cpp|2|ui_screens|2||Cross/USetupScreens.cpp:2
TBackgroundPicture.cpp|2|Cross/UOptionViews.cpp|2|ui_screens|2||Cross/UOptionViews.cpp:2
TBook.cpp|4|Cross/UOptionViews.cpp|3|ui_screens|4|multi_module|Cross/UOptionViews.cpp:3+Ambit.cpp:1
TClickZone.cpp|3|Cross/UOptionViews.cpp|3|ui_screens|3||Cross/UOptionViews.cpp:3
TColorKeyButton.cpp|3|Cross/UOptionViews.cpp|3|ui_screens|3||Cross/UOptionViews.cpp:3
TColorKeyPicture.cpp|4|Cross/UOptionViews.cpp|4|ui_screens|4||Cross/UOptionViews.cpp:4
TCreditsPicture.cpp|4|Cross/UOptionViews.cpp|3|ui_screens|4|multi_module|Cross/UOptionViews.cpp:3+Ambit.cpp:1
TCzechBox.cpp|9|Cross/UOptionViews.cpp|9|ui_screens|9||Cross/UOptionViews.cpp:9
TDipDlgCluster.cpp|2|Cross/USetupScreens.cpp|1|ui_screens|1|multi_module|Cross/USetupScreens.cpp:1+Cross/USmallViews.cpp:1
TGWorldButton.cpp|4|Cross/UOptionViews.cpp|4|ui_screens|4||Cross/UOptionViews.cpp:4
TGameScorePicture.cpp|3|Cross/USetupScreens.cpp|2|ui_screens|3|multi_module|Cross/USetupScreens.cpp:2+Ambit.cpp:1
TGameSetupMultiplayerPicture.cpp|3|Cross/UOptionViews.cpp|3|ui_screens|3||Cross/UOptionViews.cpp:3
TGameSetupPicture.cpp|3|Cross/UOptionViews.cpp|3|ui_screens|3||Cross/UOptionViews.cpp:3
THelpPicture.cpp|6|Cross/UHelpMgr.cpp|6|ui_screens|6||Cross/UHelpMgr.cpp:6
THelpWindow.cpp|2|Cross/UHelpMgr.cpp|2|ui_screens|2||Cross/UHelpMgr.cpp:2
THighScoresPicture.cpp|4|Cross/UOptionViews.cpp|3|ui_screens|4|multi_module|Cross/UOptionViews.cpp:3+Ambit.cpp:1
TIconBar.cpp|6|Cross/UHelpMgr.cpp|6|ui_screens|6||Cross/UHelpMgr.cpp:6
TIconSlider.cpp|10|Cross/UHelpMgr.cpp|10|ui_screens|10||Cross/UHelpMgr.cpp:10
TLineData.cpp|4|Cross/UOptionViews.cpp|4|ui_screens|4||Cross/UOptionViews.cpp:4
TLoadSavePicture.cpp|10|Cross/UOptionViews.cpp|9|ui_screens|9|multi_module|Cross/UOptionViews.cpp:9+Cross/UOceanViews.cpp:1
TLonelyTileView.cpp|2|Cross/UHelpMgr.cpp|2|ui_screens|2||Cross/UHelpMgr.cpp:2
TMapPreviewView.cpp|7|Cross/USetupScreens.cpp|6|ui_screens|7|multi_module|Cross/USetupScreens.cpp:6+Ambit.cpp:1
TMegaPicture.cpp|6|Cross/UOptionViews.cpp|6|ui_screens|6||Cross/UOptionViews.cpp:6
TNetGameSelectPicture.cpp|2|Cross/USetupScreens.cpp|2|ui_screens|2||Cross/USetupScreens.cpp:2
TNetSelectPicture.cpp|2|Cross/UOptionViews.cpp|1|ui_screens|1|multi_module|Cross/UOptionViews.cpp:1+Cross/USetupScreens.cpp:1
TNewsMgr.cpp|13|Cross/UNewspaper.cpp|8|ui_screens|12|multi_module|Cross/UNewspaper.cpp:8+Cross/UNavy.cpp:5
TNewspaperView.cpp|6|Cross/UNewspaper.cpp|6|ui_screens|6||Cross/UNewspaper.cpp:6
TNoHilitePicture.cpp|2|Cross/UOptionViews.cpp|2|ui_screens|2||Cross/UOptionViews.cpp:2
TOffLimitsPicture.cpp|5|Cross/UOptionViews.cpp|5|ui_screens|5||Cross/UOptionViews.cpp:5
TOnOffRadioButton.cpp|3|Cross/UOptionViews.cpp|3|ui_screens|3||Cross/UOptionViews.cpp:3
TPageView.cpp|9|Cross/UOptionViews.cpp|9|ui_screens|9||Cross/UOptionViews.cpp:9
TPictureButton.cpp|4|Cross/UOptionViews.cpp|4|ui_screens|4||Cross/UOptionViews.cpp:4
TPictureLine.cpp|1|Cross/UOptionViews.cpp|1|ui_screens|1||Cross/UOptionViews.cpp:1
TPictureRadioButton.cpp|5|Cross/UOptionViews.cpp|5|ui_screens|5||Cross/UOptionViews.cpp:5
TPortZone.cpp|12|Cross/UNewspaper.cpp|12|ui_screens|12||Cross/UNewspaper.cpp:12
TQueryFloater.cpp|2|Cross/UOptionViews.cpp|2|ui_screens|2||Cross/UOptionViews.cpp:2
TRadioPictureButton.cpp|3|Cross/UOptionViews.cpp|3|ui_screens|3||Cross/UOptionViews.cpp:3
TRadioText.cpp|4|Cross/USetupScreens.cpp|3|ui_screens|4|multi_module|Cross/USetupScreens.cpp:3+Ambit.cpp:1
TRadioTextCluster.cpp|6|Cross/USetupScreens.cpp|6|ui_screens|6||Cross/USetupScreens.cpp:6
TRightLeftView.cpp|2|Cross/USetupScreens.cpp|2|ui_screens|2||Cross/USetupScreens.cpp:2
TScenarioChooser.cpp|8|Cross/USetupScreens.cpp|7|ui_screens|8|multi_module|Cross/USetupScreens.cpp:7+Ambit.cpp:1
TScrollBarView.cpp|8|Cross/UOptionViews.cpp|8|ui_screens|8||Cross/UOptionViews.cpp:8
TScrollView.cpp|5|Cross/UOptionViews.cpp|5|ui_screens|5||Cross/UOptionViews.cpp:5
TScrollerButton.cpp|2|Cross/UOptionViews.cpp|2|ui_screens|2||Cross/UOptionViews.cpp:2
TSelectoText.cpp|1|Cross/USetupScreens.cpp|1|ui_screens|1||Cross/USetupScreens.cpp:1
TSetupRandomMapPicture.cpp|10|Cross/USetupScreens.cpp|10|ui_screens|10||Cross/USetupScreens.cpp:10
TSidewaysArrow.cpp|2|Cross/USetupScreens.cpp|2|ui_screens|2||Cross/USetupScreens.cpp:2
TSimMgr.cpp|85|Cross/USetupScreens.cpp|77|ui_screens|83|multi_module|Cross/USetupScreens.cpp:77+Ambit.cpp:3+Cross/UUnit.cpp:2+Cross/UMultiplayerMgr.cpp:1+Cross/UNewspaper.cpp:1+WAssetMgr.cpp:1
TSimMgr_AdvanceGlobalTurnStateMachine.cpp|1|Cross/USetupScreens.cpp|1|ui_screens|1||Cross/USetupScreens.cpp:1
TSliderPicture.cpp|2|Cross/UOptionViews.cpp|2|ui_screens|2||Cross/UOptionViews.cpp:2
TSpaceCommand.cpp|1|Cross/UOptionViews.cpp|1|ui_screens|1||Cross/UOptionViews.cpp:1
TTerrainHelpPicture.cpp|3|Cross/UHelpMgr.cpp|3|ui_screens|3||Cross/UHelpMgr.cpp:3
TTerrainHelpWindow.cpp|2|Cross/UHelpMgr.cpp|2|ui_screens|2||Cross/UHelpMgr.cpp:2
TTextLine.cpp|5|Cross/UOptionViews.cpp|5|ui_screens|5||Cross/UOptionViews.cpp:5
TTextList.cpp|3|Cross/USetupScreens.cpp|2|ui_screens|3|multi_module|Cross/USetupScreens.cpp:2+Ambit.cpp:1
TTextPictureButton.cpp|3|Cross/UOptionViews.cpp|3|ui_screens|3||Cross/UOptionViews.cpp:3
TToggleButton.cpp|5|Cross/UOptionViews.cpp|5|ui_screens|5||Cross/UOptionViews.cpp:5
TTwoPicSlider.cpp|4|Cross/UOptionViews.cpp|4|ui_screens|4||Cross/UOptionViews.cpp:4
TUberCluster.cpp|2|Cross/UOptionViews.cpp|2|ui_screens|2||Cross/UOptionViews.cpp:2
TUpDownPictureButton.cpp|4|Cross/UOptionViews.cpp|4|ui_screens|4||Cross/UOptionViews.cpp:4
TUpDownView.cpp|2|Cross/USetupScreens.cpp|2|ui_screens|2||Cross/USetupScreens.cpp:2
TZone.cpp|51|Cross/UNewspaper.cpp|47|map|49|multi_module|Cross/UNewspaper.cpp:47+Cross/UOcean.cpp:4
turn_flow_cooldown.cpp|1|Cross/USetupScreens.cpp|1|ui_screens|1||Cross/USetupScreens.cpp:1
T2PictToggleButton.cpp|3|Cross/USmallViews.cpp|3|ui_widgets|0||Cross/USmallViews.cpp:3
TAmtBar.cpp|7|Cross/USmallViews.cpp|7|ui_widgets|0||Cross/USmallViews.cpp:7
TAmtBarCluster.cpp|4|Cross/USmallViews.cpp|4|ui_widgets|0||Cross/USmallViews.cpp:4
TArmyInfoView.cpp|2|Cross/USmallViews.cpp|2|ui_widgets|0||Cross/USmallViews.cpp:2
TArmyPlacard.cpp|4|Cross/USmallViews.cpp|4|ui_widgets|0||Cross/USmallViews.cpp:4
TArmyToolbar.cpp|3|Cross/USmallViews.cpp|3|ui_widgets|0||Cross/USmallViews.cpp:3
TAutomatedPlayDialog.cpp|1|Cross/UTestDialogs.cpp|1|ui_widgets|0||Cross/UTestDialogs.cpp:1
TBoycottButton.cpp|2|Cross/USmallViews.cpp|2|ui_widgets|0||Cross/USmallViews.cpp:2
TCityBarCluster.cpp|2|Cross/USmallViews.cpp|2|ui_widgets|0||Cross/USmallViews.cpp:2
TCivDescription.cpp|8|Cross/USmallViews.cpp|7|ui_widgets|1|multi_module|Cross/USmallViews.cpp:7+Ambit.cpp:1
TCivReport.cpp|2|Cross/USmallViews.cpp|2|ui_widgets|0||Cross/USmallViews.cpp:2
TCivToolbar.cpp|4|Cross/USmallViews.cpp|4|ui_widgets|0||Cross/USmallViews.cpp:4
TCivilianButton.cpp|3|Cross/USmallViews.cpp|3|ui_widgets|0||Cross/USmallViews.cpp:3
TCloseButton.cpp|2|Cross/USmallViews.cpp|2|ui_widgets|0||Cross/USmallViews.cpp:2
TCloseParentButton.cpp|2|Cross/USmallViews.cpp|2|ui_widgets|0||Cross/USmallViews.cpp:2
TClosePicture.cpp|2|Cross/USmallViews.cpp|2|ui_widgets|0||Cross/USmallViews.cpp:2
TCombatReportView.cpp|4|Cross/USmallViews.cpp|4|ui_widgets|0||Cross/USmallViews.cpp:4
TDealList.cpp|2|Cross/UTestDialogs.cpp|2|ui_widgets|2||Cross/UTestDialogs.cpp:2
TDeluxeText.cpp|13|Cross/UTestDialogs.cpp|12|ui_widgets|13|multi_module|Cross/UTestDialogs.cpp:12+Ambit.cpp:1
TDropShadowNumberText.cpp|2|Cross/UTestDialogs.cpp|2|ui_widgets|2||Cross/UTestDialogs.cpp:2
TDropShadowText.cpp|2|Cross/UTestDialogs.cpp|2|ui_widgets|2||Cross/UTestDialogs.cpp:2
TGPTreatyDialog.cpp|1|Cross/UTestDialogs.cpp|1|ui_widgets|0||Cross/UTestDialogs.cpp:1
THQButton.cpp|6|Cross/USmallViews.cpp|6|ui_widgets|0||Cross/USmallViews.cpp:6
TIndustryAmtBar.cpp|4|Cross/USmallViews.cpp|4|ui_widgets|0||Cross/USmallViews.cpp:4
TIndustryCluster.cpp|6|Cross/USmallViews.cpp|6|ui_widgets|0||Cross/USmallViews.cpp:6
TInfoBarPictureText.cpp|2|Cross/UTestDialogs.cpp|2|ui_widgets|2||Cross/UTestDialogs.cpp:2
TInfoBarText.cpp|6|Cross/UTestDialogs.cpp|5|ui_widgets|6|multi_module|Cross/UTestDialogs.cpp:5+Ambit.cpp:1
TMapUberUberPicture.cpp|3|Cross/USmallViews.cpp|2|ui_widgets|3|multi_module|Cross/USmallViews.cpp:2+Ambit.cpp:1
TMinorRelationshipDialog.cpp|2|Cross/UTestDialogs.cpp|2|ui_widgets|0||Cross/UTestDialogs.cpp:2
TMinorTradeBidsDialog.cpp|1|Cross/UTestDialogs.cpp|1|ui_widgets|0||Cross/UTestDialogs.cpp:1
TMinorTreatyDialog.cpp|1|Cross/UTestDialogs.cpp|1|ui_widgets|0||Cross/UTestDialogs.cpp:1
TMyNumberText.cpp|2|Cross/UTestDialogs.cpp|2|ui_widgets|2||Cross/UTestDialogs.cpp:2
TMyStaticText.cpp|1|Cross/UTestDialogs.cpp|1|ui_widgets|1||Cross/UTestDialogs.cpp:1
TNextTradeCommand.cpp|3|Cross/UTestDialogs.cpp|3|ui_widgets|3||Cross/UTestDialogs.cpp:3
TNoHiliteText.cpp|1|Cross/UTestDialogs.cpp|1|ui_widgets|1||Cross/UTestDialogs.cpp:1
TNumberedArrowButton.cpp|6|Cross/USmallViews.cpp|6|ui_widgets|0||Cross/USmallViews.cpp:6
TPictureNumberText.cpp|1|Cross/UTestDialogs.cpp|1|ui_widgets|1||Cross/UTestDialogs.cpp:1
TPictureText.cpp|1|Cross/UTestDialogs.cpp|1|ui_widgets|1||Cross/UTestDialogs.cpp:1
TPlacard.cpp|4|Cross/USmallViews.cpp|4|ui_widgets|0||Cross/USmallViews.cpp:4
TProductionCluster.cpp|5|Cross/USmallViews.cpp|5|ui_widgets|0||Cross/USmallViews.cpp:5
TRailAmtBar.cpp|4|Cross/USmallViews.cpp|4|ui_widgets|0||Cross/USmallViews.cpp:4
TRailCluster.cpp|6|Cross/USmallViews.cpp|6|ui_widgets|0||Cross/USmallViews.cpp:6
TRelationshipDialog.cpp|2|Cross/UTestDialogs.cpp|2|ui_widgets|0||Cross/UTestDialogs.cpp:2
TShipAmtBar.cpp|3|Cross/USmallViews.cpp|3|ui_widgets|0||Cross/USmallViews.cpp:3
TShipyardCluster.cpp|4|Cross/USmallViews.cpp|4|ui_widgets|0||Cross/USmallViews.cpp:4
TSoundPlayer.cpp|23|Cross/USmallViews.cpp|12|ui_widgets|23|multi_module|Cross/USmallViews.cpp:12+WNetMgr.cpp:11
TSpecialQuitPicture.cpp|3|Cross/UTestDialogs.cpp|2|ui_widgets|3|multi_module|Cross/UTestDialogs.cpp:2+Ambit.cpp:1
TStatusButton.cpp|2|Cross/USmallViews.cpp|2|ui_widgets|0||Cross/USmallViews.cpp:2
TStatusPicture.cpp|6|Cross/USmallViews.cpp|6|ui_widgets|6||Cross/USmallViews.cpp:6
TStratReportView.cpp|2|Cross/USmallViews.cpp|2|ui_widgets|0||Cross/USmallViews.cpp:2
TToolBarCluster.cpp|9|Cross/USmallViews.cpp|6|ui_widgets|2|multi_module|Cross/USmallViews.cpp:6+Cross/UCity.cpp:2+Cross/UViewMgr.cpp:1
TTown.cpp|10|Cross/UTestDialogs.cpp|10|city|10||Cross/UTestDialogs.cpp:10
TTradeCluster.cpp|12|Cross/USmallViews.cpp|12|ui_widgets|0||Cross/USmallViews.cpp:12
TTradeMgr.cpp|34|Cross/UTestDialogs.cpp|34|ui_widgets|34||Cross/UTestDialogs.cpp:34
TTradeOrderPicture.cpp|3|Cross/USmallViews.cpp|3|ui_widgets|0||Cross/USmallViews.cpp:3
TTradePolicyCluster.cpp|2|Cross/USmallViews.cpp|2|ui_widgets|0||Cross/USmallViews.cpp:2
TTradeScreenPicture.cpp|2|Cross/UTestDialogs.cpp|1|ui_widgets|1|multi_module|Cross/UTestDialogs.cpp:1+Cross/UTradeViews.cpp:1
TTraderAmtBar.cpp|5|Cross/USmallViews.cpp|5|ui_widgets|0||Cross/USmallViews.cpp:5
TTransportPicture.cpp|4|Cross/USmallViews.cpp|4|ui_widgets|0||Cross/USmallViews.cpp:4
TUnitToolbarCluster.cpp|4|Cross/USmallViews.cpp|4|ui_widgets|0||Cross/USmallViews.cpp:4
TWarningView.cpp|3|Cross/USmallViews.cpp|3|ui_widgets|0||Cross/USmallViews.cpp:3
TWorldView.cpp|28|Cross/USmallViews.cpp|27|ui_widgets|28|multi_module|Cross/USmallViews.cpp:27+Cross/UMap.cpp:1
